path	interface	bytes	lines	sha256
aio.h	public	1487	73	fdb50a494eb52d43b674f8debe75d72224bc022d52dfbc53fc519895305ab1ee
alloca.h	public	219	19	8768404d7cf4af5fb135b1a2ca91765bd2be311ac072e0ec8b68f5cb3e6e0f3e
ar.h	public	311	25	a32ed9d5a0e19c2d40781a05e4a0ef094d24b69a5752dc3849b92e4502481bd4
arpa/ftp.h	public	821	35	6424bd423562f20ff9c9fc4fe36b2e5aacf971149d73dbcf6ae3cb5bd51aa770
arpa/inet.h	public	703	31	8356bc3cbbdfd5671d010fdc45286c5cf40fe113ca4a2d584ad7497fc42cc29f
arpa/nameser.h	public	12343	526	c0829694b0e7506674be6ceccb2b5ed4b388499796adeefb884f075a45fbcf51
arpa/nameser_compat.h	public	27	2	51483cd3492d6448a32ca98d66420c2210f67779849e32762641115f61a0a235
arpa/telnet.h	public	5752	251	4dc41f35778e57506923be0ab1bc15716b96e47e19ee2757753696ec640b7d00
arpa/tftp.h	public	544	31	b596df5660906a555b12f450388d09cfafd3589db738100b806eae9437409ff5
assert.h	public	428	23	477f9fcf67e8eccb59dea935f0dc7abd40829f8d61a3e73e4151ff6a18ef25f9
bits/alltypes.h	arch-internal	11548	423	2e643832d88c292c67ed8fa735924b2fb0664eb4c04ab00068c37b35d7d65c71
bits/dirent.h	arch-internal	201	11	a1c1ccd32905b6304606802aea2a417a22be848ae2a219dff3e0315d2f6aa8b5
bits/errno.h	arch-internal	3669	134	1760adb5572357ae1fa93625bd501e975c1ba03fdb3f97fc4fce46398772ae7b
bits/fcntl.h	arch-internal	839	38	66c37030b995805fb951315d3b0935d5fb6d0c3e1ddcf651ddf42c6e418b61b7
bits/fenv.h	arch-internal	415	19	6dce4d336ee430421fb1dae8b074a5283f90b68d274ec52571964e1b73addb2c
bits/float.h	arch-internal	472	16	b0e7f9732c198c36c6af4f4836c8a9079a8955f514fb7a39046f4881fe7eefb0
bits/hwcap.h	arch-internal	1587	52	7be3c72e8d6440e46582b6ca73415bcca44fb60188ee3b10f18fcdedfdc1a66c
bits/io.h	arch-internal	0	0	e3b0c44298fc1c149afbf4c8996fb92427ae41e4649b934ca495991b7852b855
bits/ioctl.h	arch-internal	3054	115	a1ef9fa70d6d1f14e1a370b21c428b27c5f89e88ebe7500174d60683b096219e
bits/ioctl_fix.h	arch-internal	0	0	e3b0c44298fc1c149afbf4c8996fb92427ae41e4649b934ca495991b7852b855
bits/ipc.h	arch-internal	157	11	3b90d790c859bcf8fa47f9fd7e188e6093b008c64191f7dbf0b7c542f2b6adca
bits/ipcstat.h	arch-internal	19	1	d4d0a193a653131def47e5f9e099dc089b1407d8936578def78080a6dce4876d
bits/kd.h	arch-internal	22	1	59be3e83a6f50b751687a23cc0ac0e6bc3c20426906cbe2f301fda86ea2e61e9
bits/limits.h	arch-internal	0	0	e3b0c44298fc1c149afbf4c8996fb92427ae41e4649b934ca495991b7852b855
bits/link.h	arch-internal	29	1	527de5bcb140fa0da21f258e2f6fd855fbdbb0fb243cc8579acbdcd2d9188147
bits/mman.h	arch-internal	44	2	01991d8d7135012fc9047355e2020abb106e6dbb35bbdb7ae1fffdc61e964180
bits/msg.h	arch-internal	239	12	8c4f9b4c9761c601a16f8c5c7586204ae4d2431a8cc60ce736adaf06ec35891e
bits/poll.h	arch-internal	0	0	e3b0c44298fc1c149afbf4c8996fb92427ae41e4649b934ca495991b7852b855
bits/ptrace.h	arch-internal	0	0	e3b0c44298fc1c149afbf4c8996fb92427ae41e4649b934ca495991b7852b855
bits/reg.h	arch-internal	0	0	e3b0c44298fc1c149afbf4c8996fb92427ae41e4649b934ca495991b7852b855
bits/resource.h	arch-internal	0	0	e3b0c44298fc1c149afbf4c8996fb92427ae41e4649b934ca495991b7852b855
bits/sem.h	arch-internal	325	14	371c8d4f6136624607ba49faa9c2921f7e2237c3c4325510e607d50583566ddf
bits/setjmp.h	arch-internal	37	1	78213ff8a529db45cb1baf5310546e5c297e556e1c2a8e959627a32d80c973ba
bits/shm.h	arch-internal	472	24	61d6102c230e3d9d52b75ba36ecc887aafa29a97118521626c327860cae55f3c
bits/signal.h	arch-internal	4028	153	82bc3d39e13cbb85ba355fc6e8e2b2d157e31d46e5c37369e67c22c5807cefa4
bits/socket.h	arch-internal	0	0	e3b0c44298fc1c149afbf4c8996fb92427ae41e4649b934ca495991b7852b855
bits/soundcard.h	arch-internal	29	1	e52f4a87168f60c2860afe01fa7cc3f235bd6f3c9be2e997597672332fb0e56e
bits/stat.h	arch-internal	330	18	5c3c51b0dfd3167f6d1d691cfebddaf63e571df39d70797c70e8a6e43c28a258
bits/statfs.h	arch-internal	195	7	6ce681e292fa857adae906fdc7a2ac641c931659d9c3ac824203eed2980199a4
bits/stdint.h	arch-internal	789	29	da756261a2d5fcd7b64bcc323d91897c75a1f9b3883cf2dbf6d066454ae6f511
bits/syscall.h	arch-internal	17407	653	ed9ccd2403b5c12621bb8fabfaa7d24c3ffbf4ea6a72fc07b1631c058a562e57
bits/termios.h	arch-internal	3509	166	9d2247d093e9ed7b6dd2c4305f500987d0bbb8a5b1c4df10d51154d2e41d133a
bits/user.h	arch-internal	361	16	32a1db0929d11fec9fd800b8ce0715c7bd04955b3c5ec3212bdda0b21877a2db
bits/vt.h	arch-internal	22	1	59da9715f2ef97be98dc151d0c990b5b29885d72b21fce3b0e8182ac06f17c6a
byteswap.h	public	501	26	e51244bc6433d77aba368aa53863850d6d06890c3d8691b27619a737401ec1e5
complex.h	public	3705	133	4cf3568e8ab98be6d2ee34023a8d3376d0b2cdce5f3fc867ecd96ea95728e91c
cpio.h	public	551	29	fd1fdd0848156a84d2af916be5069cc688117b38f4d44012e19f02bd14b6a8a9
crypt.h	public	277	20	26565e8fc37e6cff0f870dd5e7a1bc2035a494470b35d05114b0404673990bed
ctype.h	public	1787	77	0bf45ee657538bf2033a9a17f286f5a4cbcba22a19667deb28d43ac8952c6d30
dirent.h	public	1875	87	53e879b8cf0228286f5e85e0afd6dd359f360f2c3a17e06923ba0288a7c80fae
dlfcn.h	public	803	46	5e0ca32c6bd7e817e55d36513efef3070bf27f36496be39fb6d52d83b93f3d6a
elf.h	public	86962	3445	d62fe51eb318a17d5d6a6669172eb7ba522dad03698a9b521265af3b6b23b489
endian.h	public	1958	80	4414084736937798abcc075d1f8053e116d873c81dda0908013bfca3331771b9
err.h	public	472	25	d13794712c2b56a15b3d095034a07ba79f0bbc3b76997808e39275f815169099
errno.h	public	369	27	a461912e4058202de8ec414cbd67e04a84965bbff9aff61523bd3baf090b217d
fcntl.h	public	4661	218	22fb6921bcfbfd1ca74cdbea97ad811c9ce3df9ec410f6c9dedacd1da3d9680c
features.h	public	865	40	6d228e77b88b69f70f9157548b6ec673ffc6b998ce6035fbbee0caddb8442903
fenv.h	public	449	28	9b6d535409cac95bb00e3305f7724af42b7003909a833b7622d6d18d7e650e2c
float.h	public	1060	52	d513aa2c48b2d60672ab10dbab0ab80347db9f1b353db4ea3fae2018907964c1
fmtmsg.h	public	741	47	0f7f7ee214fa88a63c23ce123520ed3ef34339d9c32128d4d937a19bb2431cd2
fnmatch.h	public	386	24	31f19cc2974807ef2c516816a8188e4fbd99e35b85df9514c13276594bc30107
ftw.h	public	654	41	1a1cae62ae50cb0d21b899b931ace769d129d1af0ad8787c60a076801e2677b8
getopt.h	public	559	30	f1d0e215fba663710ca0108338fdafa334b7095e512d0b0f29f8110d78fbb4e4
glob.h	public	901	52	c794618de7c80782719d82279e02683fc147b359bc58176cd20efe7ab70a05db
grp.h	public	1025	53	e602ccbb836b06b2824671a7609ef139744e7c4f47e257ca3dbeb6086d5d6e74
iconv.h	public	385	24	7c9edd7c6ed3d036f11ec2a24f46a203c0657e5d7eea8b8cc8cd22ab705c873e
ifaddrs.h	public	592	35	130ca46a90011e4e2db4bae62c7ea686d86938a879226d0c2c7dac4c61635423
inttypes.h	public	4638	229	01a5b59471e351039310fc1cfb8bf8cf89e53ef957236118876ea20aea743bfb
iso646.h	public	267	20	e2f3fe42ea3e1f7b236a5b37bf8c3e9a870094b81b264ad1df32845546662c08
langinfo.h	public	1820	98	a5117674322bf3a85f4e6db2c8c7bd375f90366020549cb665ebf99d4241b1f2
lastlog.h	public	18	1	3c33c9e2fee950cd8545f69d5a8db1f529934b31f940a43ef9c7aadc40e4b2c0
libgen.h	public	161	15	8dc8c0b1ed63e0d411b2a8742aa7aa7ed9612c2e9b8c125f17bfc4a5a6f21aa9
libintl.h	public	881	33	fc92ac87ad9726228173fbd47c162187c6e35ffc56696209a2d6d39df3bca350
limits.h	public	4179	166	d6fb743478f7a8dd27f057db844a806165709641b0d0e78fbf0cabf5c88f1e12
link.h	public	921	53	696718093684a61944d7a00ef39d723b05f691fd2edc895af2c526751c74ff22
locale.h	public	1705	88	34f98ecb36b5dd160ca0991dcc59bf0d86ca7ee82c6da831dbb6284826ea8e9d
malloc.h	public	362	25	8aba27d6cf64d9a93cf3fbd534f5c81b00e6e8419a2f3ec075ee012e834b2c02
math.h	public	11491	442	5559892c51d9625616fde0c4d25609f1e68e0aa3aee090d1842c6f894e63352a
memory.h	public	20	1	7c7dfb862fbd4063378bb2086e49db0857322c3de8cb9d570f175da1d253a682
mntent.h	public	837	43	da0f41bd65ee34c3c909de7c94792b30e67f558a29b64599738ecadb6c6a1fcc
monetary.h	public	395	23	4c02befe1f9197f86e2f1128d1f31c369289cb4917b2c80b5aa87b387c76aef8
mqueue.h	public	1102	41	4379aac3732e6285f41f6d7af993e6a69eb61979dc96f7c214923dd98b07adb9
net/ethernet.h	public	1177	55	ed7310b44ab44d283421a9338a7f8c17775f09694d42c0be89f6536667c51f06
net/if.h	public	3488	141	728025efbd38d94330cb5cfa4efbb8ad067f6c7dd27aabc557d08d95d9597974
net/if_arp.h	public	2924	142	74c50186936542bbe8c7c284734e52d9b397acafdeaba8bbbcec8b8ac30c7509
net/route.h	public	2628	124	ccf63326088a850307eff9a2042bc3f966158d4b119ac1e4fa623af273655c79
netdb.h	public	4001	157	6f069a2a0a72a1e03866f426cc6a03990e6bfe3b601215e7b7780b6536c8f50b
netinet/ether.h	public	543	22	1ce6f4350eef5a4e4e4e35f8668c7bb91464c0dfac213aab90eca56a85aed220
netinet/icmp6.h	public	8632	305	fe70d612960cf4939b258304f0b510b691da715c70ca964da72502d96e457f82
netinet/if_ether.h	public	3675	149	9735936ae7fb1903e08de9bfa4b78f8666b4b5d03d2666bfa96aa173e822f1a3
netinet/igmp.h	public	1030	45	d92f1cff8afeb617afb7cdb041b66121f31a7c1df174658c63bb4a9ad1140d09
netinet/in.h	public	12222	418	eaef358ce4d5715373198047fc81fd831515cb1d704b5725f780813b89e4c795
netinet/in_systm.h	public	145	9	ac876b513fb7c5a3f9bef9f1c2cdf55e8c72e01528a3c018bcc65b205d22e93a
netinet/ip.h	public	4361	199	f15258c1e651431dce2cf8bf375c0f8f218b7b048a90aadaa1a28cf27aba428c
netinet/ip6.h	public	2674	141	86057e7af80df24bb13873bb44df8f76c754491ddb935b503634075b7fc0fc51
netinet/ip_icmp.h	public	4660	193	8176c270da5102e0bde740f098a2b0cd2e419c38842645d14fa094b0969297f4
netinet/tcp.h	public	6438	305	f3e1ba1c55578e4c9b80a7300f32e3a32258c3835e85a2494e31810aaa9ed9b5
netinet/udp.h	public	759	46	e74ef0f1c45e82c480d32bc6d68f9fc8fc7abd2ac60fd1154ceec300275a4384
netpacket/packet.h	public	1379	62	1d628a33d18e4ff51a05f8d86b33335bebf4b384f9e81abd0da1b641e9b6738d
nl_types.h	public	316	22	a0275f524b09db6dae742b73409214ef1836cc54fad803816254055008c97654
paths.h	public	902	31	9653e09329756ef2c1c51ac65f0519cc5a40156373e59bfcd3a67b8dc94c1629
poll.h	public	994	57	ef87cc4be6730c93f508e5ebde9e67f9cb3697486d92d607e26e5a7b562cbddc
pthread.h	public	9367	244	85ecd05b6e9845851bf5444b480326281fb1484d3e4646742a50aaea612c4ef3
pty.h	public	312	18	b5a3539229b3c2f578febf901f8971518489d97ba706cdd5aa61ec536c4ffc7f
pwd.h	public	899	50	eb3f630e09e209770f6771488e8938c22067e13f6b97cea83898b3944a0f740f
regex.h	public	1227	62	4acf94cf0e0f14b2eb50accac93fee886fcc4f821a9b7bb5347a5d035a027ad3
resolv.h	public	3587	142	adcdb3600df635f2b6fee42987e33f3ca7a8a1e142d2f2b5d83be6fb585e8453
sched.h	public	4350	147	eccd11f1781515f51ef1b21f6bd4e5f238d7e173cbf8bbf5fe50fbf4c0869d82
scsi/scsi.h	public	3905	150	daa7847fca1fc34b6d5848f8dcd5323acb9df21451dcbf66f97eb62511261b93
scsi/scsi_ioctl.h	public	322	11	359bfaa3dd01efaee782deae0f2e0f123d47c35bb6899bc46bad267f2801d732
scsi/sg.h	public	3085	129	affb61e1e89c8b32f962141d050268040648eae02d9e546b2fb5d039d57e951f
search.h	public	1378	63	fd1e900bedd1b91d98772ead5624a0f1f23efa70fc8272b1dac1d47e9ba2617e
semaphore.h	public	810	39	c20f266e552137e6827b6622f2ddf60cf09f08175cf0c34f673910cb14a0cc05
setjmp.h	public	984	49	24bc8a19bbd58f75c8223af762dfd9bd41f6aaca6cb3246145c58203c8a0e42e
shadow.h	public	683	43	f39dd6dea80e107e7df9bd16b91f0d30df2c960a200d7e1ac6c20c9a0db8c147
signal.h	public	7500	304	2410adbea406ecb28e00e2f376ef772837dae5a7ce187ace1d9eb2aec9cc9d44
spawn.h	public	2913	83	edec771e83d270d98aab7e8ceebcd9920d719f9148dd226b84a397b28ddba41f
stdalign.h	public	409	20	54289e3284182b1a521dd7f8bdd8e9f4b2a85879b8da761b4ad8c421598a12f1
stdarg.h	public	351	21	20b903cf4ddd7e0244e0bee6e615e24e1921bab2f0986957fe4f7869c608890a
stdbool.h	public	167	14	5cd1f701b5e927e4e39bcc69f4b7e437a98c8821168e69171c626502a6fc13d9
stdc-predef.h	public	302	18	92e5ff5d4e37556d9eaab2a0e6069650a7e56bacf7f43f093b0bef69b0776bb5
stddef.h	public	547	27	14e9b057525207b625943c8cdfeac111807a1c26e73af8a5415a965d37f19d78
stdint.h	public	2578	117	b6e77f1611e56cf499233172cab8bc09c0f7d937f3daa5ad552e1712fc6663e5
stdio.h	public	6061	231	f158cf8fed586a99533f0d16de2f5e0b4678a3b5bd2aac619c1d277e7bc2811b
stdio_ext.h	public	611	34	d16a5f865a20b7ed68803f3da8fdc5011989e6fb1ecae31049654423899e4ffd
stdlib.h	public	4875	179	9dade04aa761839017a0de3023d9e5500cb1e431682fc89d84f9a956e4a7c9d6
stdnoreturn.h	public	129	7	f5a2d37ef43395cd433e95b238a27f9be5bf20355ffaea66afe7df90fab04f50
string.h	public	3013	104	714a7724b0051be159c0fb7ec7f97c4ff9dd16c22e1be926c957f747cc6a8906
strings.h	public	964	40	b8fde0a141ac481de1f88abafbf5678ddfd8d89b309e3253adea1fa0ecb8d9e4
stropts.h	public	2399	139	8b02f372fc4c5c0399181013b7b949475df3dafbd33787f7fcc6898a9ce43336
sys/acct.h	public	1091	72	171396226021c35eaf3436afc069b460a0216dcb4c032c3544d32b3c9716b7d5
sys/auxv.h	public	200	17	6bb5575bb4a8544e355b5b123a6db4b9f6ff5531bcdc838f3cf01e45e65e96a3
sys/cachectl.h	public	347	22	6a1567f2b1b61f8a3bcd858269e769342968eb0b8bb95cb817c14ffef5963a66
sys/dir.h	public	42	2	2a97ee58b0ab37afbe5a7166c8b478a8e00e0b7fd9349144ffcbe38174aba5cd
sys/epoll.h	public	1592	81	bd1bd93e96a8a0d0ccdd0392118770028609e9f95ec4d0e9f733dc2d9becf581
sys/errno.h	public	86	2	832219916d414a0571f91b56e3628904db9284010b05f49501ddd139d0e1d66c
sys/eventfd.h	public	404	26	bd12447de1421dff8465d0ee9287562179e39b6c9e3445a7acc261641195ee59
sys/fanotify.h	public	3531	111	d0f079b694a3621a90025ed29fdf211566fb6f6064f19ed6fa523600851e9609
sys/fcntl.h	public	86	2	6f3708b141d1886107e6fd6a85f00015c0a63f29b7c985f0e1026c9f3a74ad4b
sys/file.h	public	261	21	f4a67f7000a8519b9ec76f781db389242ae2e03a3f3fe2abe38e55753d0c1fe2
sys/fsuid.h	public	233	20	0a642cde1a9b0f8c21dfeed86ceac1a19546b31670d708e7a18abac00c7f855f
sys/inotify.h	public	1384	58	f6af7ff2154c7036457624525369affff95719e125c46e32eb910ead860a1fc4
sys/io.h	public	219	17	7b614d47423cb114a378aeb35eaeb25884de6c0871648036ce65a14bdc9bd4a1
sys/ioctl.h	public	3083	120	18cc2b9eee923943e198f03f77cae411bd8f34d9a3fc2202851a1e95dc73532e
sys/ipc.h	public	651	42	878d3f818aa5495bcaa4135a6a52e400eeff249918b2618520684e93d0da23d3
sys/kd.h	public	21	1	004dcf98bb72c0214c802dab96976774d6d115b4478609b3f8cde4cea09e39ee
sys/klog.h	public	150	14	53fe42935799f4ccb9a141f08dac71e6f9221e3de0d5703c8870997e94b45fb1
sys/membarrier.h	public	654	21	6372eb814b5d9e062b18e32c98c9333819cae8a28f464b2f17bb39f06f0a97f0
sys/mman.h	public	3705	156	2a5bc20332e2dd686cf506f1e5512b410577f105a70828b510dc6b20498c776d
sys/mount.h	public	1927	75	f217bc6987f9e420949c31ece18720d14e80b71c87be1dcfd7542d052c43d992
sys/msg.h	public	937	53	44b328261a10b08c61d223b3f090b5146444e3c6995aa2224d481f207a7cde44
sys/mtio.h	public	5191	188	072a8fc2ccd780ece06c76b18cacb928aa9417b06575c1d753e4290409f56b13
sys/param.h	public	755	35	a7c797bfda03ae10b92535ad8ba628faab5947f61fb45fcb2a166d6cdb9f987e
sys/personality.h	public	1494	49	de0bd27a0bd2cce8f880d38884eac0174b562cca715737c98af839c87020f953
sys/poll.h	public	83	2	23aa157dacb23075d28e71b466b00e10d577d576615f6514fd1a4db3eb2827a0
sys/prctl.h	public	4885	186	957b4bcfd2919686e385ef13f45ae132b7cdd41ade7a6e1fa40adc937f0248b3
sys/procfs.h	public	1148	63	dfc3b303106056ec39e3d9dfa6dd931777ac7108dfc6a032efc2e3163a36d2bf
sys/ptrace.h	public	3619	147	92f7481f257a805432e082de8fa6ec1178cbd1867d73f352cb021ad454fa0f39
sys/quota.h	public	2276	102	4d22a39574b82ca24f56dced381f276d5d2dd0574b98a419f3a0007caffe8d42
sys/random.h	public	324	20	d86b275a5b27a69ae29d69508a19e934d82aa85c6441d3ac1d809cee2a233ef9
sys/reboot.h	public	374	20	e8c3200ec7f113cb32a8ccb82f9b1c03a7bc337170523025a00843f245352819
sys/reg.h	public	244	18	2a2a8e7bfe14b06646067f381f97aa65bfda62ccd3021e4f4145504c0d4eafea
sys/resource.h	public	2217	116	72450db0aa279bc66100654c177e1d16475a52cc32848156f1c6cff44a3fc836
sys/select.h	public	1332	46	cda463ae12b5b189bea17a69b403d6f53949f013d926d92fb325be11f95db3ae
sys/sem.h	public	1157	72	27229445bd693e7c1307c040bd759d754f675bee978cdb8ea31f730e46b1898e
sys/sendfile.h	public	305	22	394011937a3c8c22d93be793b4e44fe922ad4911cf0c6f07679b6de4f55b0ea8
sys/shm.h	public	1444	70	d84bad10e6519fc63da424f351450c2a512532b2127dc118668016b55c1216ee
sys/signal.h	public	89	2	3bfebd107e526b68211eb95501397458ca1b9c740847e50c3700c1731020af0f
sys/signalfd.h	public	845	49	e28b65b3a5dabe0f41bec490fd139f35e3e7323f9c5260d20fc22e9f8d648308
sys/socket.h	public	11299	415	1e6f196e7ae112b3295078b45e705b7f69ae2a1ade7f3b72522f66fb695eda65
sys/soundcard.h	public	28	1	905c551bef504720ebc8c05b19630fca6e9aa18eac6121e1f472a595e10c08a9
sys/stat.h	public	5030	207	db664a6dcc1a348460e427b5910e40bc0fd36db153b15ebb36de080a0401e173
sys/statfs.h	public	484	32	aba62ed459ef032953beaba67a3711af9e85642d47d4f2ee77acfde48d7489f4
sys/statvfs.h	public	1181	57	cc74ef408bf5f37a076197eee7149932f7ba41f00376b622a9e2c10efb0a52d5
sys/stropts.h	public	21	1	6c8c3877ad2a4f0ff17b62742f70533f7fc7e85b2935d851eaff3144c1dab14e
sys/swap.h	public	332	21	d1f91b539dbfb9e17b7e3a680415fb78c6aa2457a6f2988bf8d366663cca0723
sys/syscall.h	public	81	6	cba521ae5dabe3709896a250707426a1d8aa95dbbb90b2fa03f1a2a9f27ab4cc
sys/sysinfo.h	public	634	36	125d59e5ffc9063bc98506ad7eab31ca375618f990414bc2c3c438c68b75928a
sys/syslog.h	public	20	1	0371ac60bc185fd52145764c21cde79d6b541adf870f4a8e801e3072db95b508
sys/sysmacros.h	public	394	15	5fda7d3b3af6553c9499ffb428c42e5d0da1e4e8627bd3c2211f4aaa7525a37e
sys/termios.h	public	92	2	bf4eeb215f6684b451b00237d7cbfa608ed053a7f786e24f8a98a463abbdfaac
sys/time.h	public	2254	76	2199cd4c44b3ebc8a18ca2ff146983e43b8747cc4ed2b4c2f71b583895b4e3cb
sys/timeb.h	public	356	28	f6d6e45fb13008f7c4348c76e3e539607bb367a72c87116478aeaf32eca55a46
sys/timerfd.h	public	591	32	d9e9fdbc773309427ff460c7c2847aeeaa67616402fd0b56da196bfc9ac486d6
sys/times.h	public	301	25	04376924e0732ed03553dd5be1131cd065533ecdbd41e2af937e1eccede54145
sys/timex.h	public	2160	103	0a28946f15a5bacccb3096606d20f0fccd8fa8170ee3d882ad11f1044806cd4d
sys/ttydefaults.h	public	831	34	59604b11fa421a4f6c14a9baf0268d298dc999f5dc85a22f55f09915373e7c71
sys/types.h	public	1886	85	341f6883a4b4be125847d0d4edf3ec5e5bd966e0632569837e9211bb399bf47d
sys/ucontext.h	public	22	1	09d1285d50658127d79c98b70b1206391203a7c20c5f2d1c9c0c790c40f4330e
sys/uio.h	public	1346	56	cf890499773871473992d6f014837d11325a88652b1a857ead008d06fa791c8c
sys/un.h	public	472	31	186fe17ae60beb1c76395f0642bfd6ec126793987d39b04e94662be8f581cb70
sys/user.h	public	334	25	1752da8dcdc4f1030dc4f9952e7febe349c666d6e1304fafbaffa5f3a32e7b71
sys/utsname.h	public	372	29	702dc2cc191ae231a7ed092349e4cc8c0ac4369ff3848562c9a15ca4b391b268
sys/vfs.h	public	24	1	d89f8caeb624bcd74592aabe3d67009b85bcd553e9372a44e0893a165f2ca7a7
sys/vt.h	public	21	1	1472e3923cf0ef0fcd2b9bf9bd801a1ba9fa113d4d5271e3471cedc849f14c92
sys/wait.h	public	1446	67	acde94b89d03174f7ae945e3fe671f5fefc3beb815c99cbff0b596958377d36f
sys/xattr.h	public	921	32	4f1e3d3b75fe34805cc1d95566dc10630947c16cd5239413a80fa9f54ab78de5
syscall.h	public	25	1	b7bd8aa55ec85e943bb746706a569f5a455594c4e493bbbe8cf32149545de9e4
sysexits.h	public	430	21	821f3fce57e599da2bfa414fbc7aa79a2b6d5d2aeeb1e79cc61c570b23f7b001
syslog.h	public	2739	100	d002c25540e6c996f90a833f0847ca1ca80a5feb57c0b6356913a0acbbe31193
tar.h	public	578	33	93bcefe2026e4909baae5f6de2357ebc0dbc6344c96c9eeb6f648bf8accf6809
termios.h	public	968	50	09b969e2fc65d080cd77a889cc728fa464de38a1edabbed145d9cbf1d567da51
tgmath.h	public	8558	270	7c4b6a2e99f4e72a6ebad763ac452c60fede23e99f27106ab3b03edf24b60769
threads.h	public	1795	93	492800b04a38491e2da73fbcfee02bf006717898fcd7568329bc2d641b5d7aff
time.h	public	4410	168	f1574ec543bc9e810f7369a0e50290d51f5b7b57082eedc41db5060ff3b9c0a6
uchar.h	public	629	29	53230de6c8fa9309ddd35de9ee75fcaac703b72fc0422117ad492a717d3aa77d
ucontext.h	public	495	25	75108c66f9904f2034ef4113762dd16a929dead6ce09438b6da87911d6d091d4
ulimit.h	public	183	17	a61e61d1ed7a81a26d0890a2148c0cd68d122d25dfe661e4821eb413a0e0fc6b
unistd.h	public	13741	485	ab2782955f7f5cd22b4feaa7dd48195a4e6d86c6d022bfd39e14ebb610b165e1
utime.h	public	343	29	43a15b0733f47a396b40d525cb1764d5973d4d6e9b4791bb64be92c12a54ecbb
utmp.h	public	998	52	4efac28368f7a32374de846c266e2444c864ae548746aa581f50db1f56f9ea8a
utmpx.h	public	1302	67	20f84b9fad1c60fbbd81eda0088ceae7acf014d3e9d29c067d5b9209c05e59df
values.h	public	846	39	7c5f56c3e180acfe7008a7369700bde9ecc3b85d5d457fbf94efa1a0df1ba3d8
wait.h	public	87	2	7884d0a3b7b729c10ab9d074292be42c2bb4f73104bc9d2a27eec96c145341aa
wchar.h	public	6875	207	18c5adbb8fe770aeccc0a1721b03352c6a07fb8ea373a6fcdfe88be76ca5e312
wctype.h	public	1915	79	cfb9a3d564aad013b7bb8d326fd9b01263c87ff73fb69c823e7695b4989fc2e9
wordexp.h	public	650	41	f72323c01c310d9a7aabb4ea62e6a20d3f2be8a390173796c100dd85e2915855
