name	type	binding	visibility	size	value	section_index	version
_Exit	FUNC	GLOBAL	DEFAULT	32	00000000000208f8	9	-
_Fork	FUNC	GLOBAL	DEFAULT	72	0000000000047c34	9	-
_IO_feof_unlocked	FUNC	WEAK	DEFAULT	72	0000000000053024	9	-
_IO_ferror_unlocked	FUNC	WEAK	DEFAULT	72	000000000005306c	9	-
_IO_getc	FUNC	WEAK	DEFAULT	68	0000000000054efc	9	-
_IO_getc_unlocked	FUNC	WEAK	DEFAULT	36	0000000000054f40	9	-
_IO_putc	FUNC	WEAK	DEFAULT	100	0000000000055edc	9	-
_IO_putc_unlocked	FUNC	WEAK	DEFAULT	64	0000000000055f40	9	-
___environ	OBJECT	WEAK	DEFAULT	8	00000000000c2008	17	-
__assert_fail	FUNC	GLOBAL	DEFAULT	44	0000000000020990	9	-
__ctype_b_loc	FUNC	GLOBAL	DEFAULT	12	000000000001f370	9	-
__ctype_get_mb_cur_max	FUNC	GLOBAL	DEFAULT	28	000000000001f37c	9	-
__ctype_tolower_loc	FUNC	GLOBAL	DEFAULT	12	000000000001f398	9	-
__ctype_toupper_loc	FUNC	GLOBAL	DEFAULT	12	000000000001f3a4	9	-
__cxa_atexit	FUNC	GLOBAL	DEFAULT	200	0000000000020b38	9	-
__cxa_finalize	FUNC	GLOBAL	DEFAULT	4	0000000000020b34	9	-
__daylight	OBJECT	GLOBAL	DEFAULT	4	00000000000c2efc	17	-
__dls2b	FUNC	GLOBAL	DEFAULT	176	000000000006b710	9	-
__dls3	FUNC	GLOBAL	DEFAULT	2820	000000000006b7c0	9	-
__duplocale	FUNC	GLOBAL	DEFAULT	60	0000000000026058	9	-
__environ	OBJECT	GLOBAL	DEFAULT	8	00000000000c2008	17	-
__errno_location	FUNC	GLOBAL	DEFAULT	12	00000000000208ac	9	-
__fbufsize	FUNC	GLOBAL	DEFAULT	8	0000000000052eb0	9	-
__fgetwc_unlocked	FUNC	GLOBAL	DEFAULT	328	00000000000535c4	9	-
__flbf	FUNC	GLOBAL	DEFAULT	16	0000000000052ea0	9	-
__flt_rounds	FUNC	GLOBAL	DEFAULT	72	0000000000020ed0	9	-
__fpclassify	FUNC	GLOBAL	DEFAULT	56	000000000002af3c	9	-
__fpclassifyf	FUNC	GLOBAL	DEFAULT	56	000000000002af74	9	-
__fpclassifyl	FUNC	GLOBAL	DEFAULT	92	000000000002afac	9	-
__fpending	FUNC	GLOBAL	DEFAULT	32	0000000000052eb8	9	-
__fpurge	FUNC	GLOBAL	DEFAULT	24	0000000000052ed8	9	-
__fputwc_unlocked	FUNC	GLOBAL	DEFAULT	284	000000000005423c	9	-
__freadable	FUNC	GLOBAL	DEFAULT	16	0000000000052e80	9	-
__freadahead	FUNC	GLOBAL	DEFAULT	28	0000000000052ef0	9	-
__freading	FUNC	GLOBAL	DEFAULT	32	0000000000052e60	9	-
__freadptr	FUNC	GLOBAL	DEFAULT	36	0000000000052f0c	9	-
__freadptrinc	FUNC	GLOBAL	DEFAULT	16	0000000000052f30	9	-
__freelocale	FUNC	WEAK	DEFAULT	36	0000000000026094	9	-
__fseterr	FUNC	GLOBAL	DEFAULT	16	0000000000052f40	9	-
__fsetlocking	FUNC	GLOBAL	DEFAULT	8	0000000000052e38	9	-
__fwritable	FUNC	GLOBAL	DEFAULT	16	0000000000052e90	9	-
__fwriting	FUNC	GLOBAL	DEFAULT	32	0000000000052e40	9	-
__fxstat	FUNC	GLOBAL	DEFAULT	12	0000000000051d74	9	-
__fxstatat	FUNC	GLOBAL	DEFAULT	20	0000000000051d80	9	-
__getauxval	FUNC	GLOBAL	DEFAULT	88	000000000003b5e4	9	-
__getdelim	FUNC	WEAK	DEFAULT	816	0000000000055090	9	-
__h_errno_location	FUNC	GLOBAL	DEFAULT	32	0000000000041810	9	-
__isalnum_l	FUNC	GLOBAL	DEFAULT	4	000000000001f3d8	9	-
__isalpha_l	FUNC	GLOBAL	DEFAULT	4	000000000001f3f0	9	-
__isblank_l	FUNC	GLOBAL	DEFAULT	4	000000000001f410	9	-
__iscntrl_l	FUNC	GLOBAL	DEFAULT	4	000000000001f424	9	-
__isdigit_l	FUNC	GLOBAL	DEFAULT	4	000000000001f438	9	-
__isgraph_l	FUNC	GLOBAL	DEFAULT	4	000000000001f44c	9	-
__islower_l	FUNC	GLOBAL	DEFAULT	4	000000000001f460	9	-
__isoc99_fscanf	FUNC	WEAK	DEFAULT	104	00000000000546e4	9	-
__isoc99_fwscanf	FUNC	WEAK	DEFAULT	104	0000000000054de8	9	-
__isoc99_scanf	FUNC	WEAK	DEFAULT	108	00000000000562f0	9	-
__isoc99_sscanf	FUNC	WEAK	DEFAULT	104	00000000000564d4	9	-
__isoc99_swscanf	FUNC	WEAK	DEFAULT	104	00000000000565a4	9	-
__isoc99_vfscanf	FUNC	WEAK	DEFAULT	3464	00000000000591a0	9	-
__isoc99_vfwscanf	FUNC	WEAK	DEFAULT	3436	000000000005ae44	9	-
__isoc99_vscanf	FUNC	WEAK	DEFAULT	44	000000000005bbdc	9	-
__isoc99_vsscanf	FUNC	WEAK	DEFAULT	112	000000000005bdf4	9	-
__isoc99_vswscanf	FUNC	WEAK	DEFAULT	124	000000000005c098	9	-
__isoc99_vwscanf	FUNC	WEAK	DEFAULT	44	000000000005c140	9	-
__isoc99_wscanf	FUNC	WEAK	DEFAULT	108	000000000005c1d8	9	-
__isprint_l	FUNC	GLOBAL	DEFAULT	4	000000000001f474	9	-
__ispunct_l	FUNC	GLOBAL	DEFAULT	4	000000000001f4a4	9	-
__isspace_l	FUNC	GLOBAL	DEFAULT	4	000000000001f4bc	9	-
__isupper_l	FUNC	GLOBAL	DEFAULT	4	000000000001f4d0	9	-
__iswalnum_l	FUNC	GLOBAL	DEFAULT	4	000000000001f500	9	-
__iswalpha_l	FUNC	GLOBAL	DEFAULT	4	000000000001f550	9	-
__iswblank_l	FUNC	GLOBAL	DEFAULT	4	000000000001f558	9	-
__iswcntrl_l	FUNC	GLOBAL	DEFAULT	4	000000000001f59c	9	-
__iswctype_l	FUNC	GLOBAL	DEFAULT	4	000000000001f670	9	-
__iswdigit_l	FUNC	GLOBAL	DEFAULT	4	000000000001f688	9	-
__iswgraph_l	FUNC	GLOBAL	DEFAULT	4	000000000001f6bc	9	-
__iswlower_l	FUNC	GLOBAL	DEFAULT	4	000000000001f6dc	9	-
__iswprint_l	FUNC	GLOBAL	DEFAULT	4	000000000001f760	9	-
__iswpunct_l	FUNC	GLOBAL	DEFAULT	4	000000000001f7a4	9	-
__iswspace_l	FUNC	GLOBAL	DEFAULT	4	000000000001f7d4	9	-
__iswupper_l	FUNC	GLOBAL	DEFAULT	4	000000000001f7f4	9	-
__iswxdigit_l	FUNC	GLOBAL	DEFAULT	4	000000000001f820	9	-
__isxdigit_l	FUNC	GLOBAL	DEFAULT	4	000000000001f84c	9	-
__lgammal_r	FUNC	GLOBAL	DEFAULT	32	0000000000036a44	9	-
__libc_current_sigrtmax	FUNC	GLOBAL	DEFAULT	8	0000000000051ba8	9	-
__libc_current_sigrtmin	FUNC	GLOBAL	DEFAULT	8	0000000000051bb0	9	-
__libc_start_main	FUNC	GLOBAL	DEFAULT	72	000000000002030c	9	-
__lxstat	FUNC	GLOBAL	DEFAULT	12	0000000000051d94	9	-
__newlocale	FUNC	GLOBAL	DEFAULT	472	0000000000027b58	9	-
__nl_langinfo	FUNC	GLOBAL	DEFAULT	12	0000000000027830	9	-
__nl_langinfo_l	FUNC	GLOBAL	DEFAULT	256	0000000000027730	9	-
__optpos	OBJECT	GLOBAL	DEFAULT	4	00000000000c2eac	17	-
__optreset	OBJECT	GLOBAL	DEFAULT	4	00000000000c2ea8	17	-
__overflow	FUNC	GLOBAL	PROTECTED	136	0000000000052884	9	-
__posix_getopt	FUNC	WEAK	DEFAULT	724	000000000003b884	9	-
__progname	OBJECT	GLOBAL	DEFAULT	8	00000000000c2270	17	-
__progname_full	OBJECT	GLOBAL	DEFAULT	8	00000000000c2268	17	-
__res_state	FUNC	GLOBAL	DEFAULT	12	00000000000450d0	9	-
__sched_cpucount	FUNC	GLOBAL	DEFAULT	64	000000000005067c	9	-
__setjmp	FUNC	GLOBAL	DEFAULT	0	00000000000512f8	9	-
__signbit	FUNC	GLOBAL	DEFAULT	12	000000000002c33c	9	-
__signbitf	FUNC	GLOBAL	DEFAULT	12	000000000002c348	9	-
__signbitl	FUNC	GLOBAL	DEFAULT	28	000000000002c354	9	-
__signgam	OBJECT	GLOBAL	DEFAULT	4	00000000000c2ea4	17	-
__sigsetjmp	FUNC	GLOBAL	DEFAULT	0	0000000000051338	9	-
__stack_chk_fail	FUNC	GLOBAL	DEFAULT	12	0000000000020430	9	-
__stack_chk_guard	OBJECT	GLOBAL	DEFAULT	8	00000000000c2010	17	-
__strcasecmp_l	FUNC	GLOBAL	DEFAULT	4	000000000005dca4	9	-
__strcoll_l	FUNC	GLOBAL	DEFAULT	4	00000000000283c0	9	-
__strerror_l	FUNC	GLOBAL	DEFAULT	52	00000000000208b8	9	-
__strncasecmp_l	FUNC	GLOBAL	DEFAULT	4	000000000005e1cc	9	-
__strtod_l	FUNC	WEAK	DEFAULT	4	00000000000286b0	9	-
__strtof_l	FUNC	WEAK	DEFAULT	4	00000000000286ac	9	-
__strtoimax_internal	FUNC	WEAK	DEFAULT	4	000000000005cf60	9	-
__strtol_internal	FUNC	WEAK	DEFAULT	116	000000000005ceec	9	-
__strtold_l	FUNC	WEAK	DEFAULT	4	00000000000286b4	9	-
__strtoll_internal	FUNC	WEAK	DEFAULT	116	000000000005ce00	9	-
__strtoul_internal	FUNC	WEAK	DEFAULT	120	000000000005ce74	9	-
__strtoull_internal	FUNC	WEAK	DEFAULT	120	000000000005cd88	9	-
__strtoumax_internal	FUNC	WEAK	DEFAULT	4	000000000005cf64	9	-
__strxfrm_l	FUNC	GLOBAL	DEFAULT	84	00000000000286b8	9	-
__sysv_signal	FUNC	WEAK	DEFAULT	80	00000000000519e0	9	-
__timezone	OBJECT	GLOBAL	DEFAULT	8	00000000000c26f0	17	-
__tls_get_addr	FUNC	GLOBAL	DEFAULT	24	000000000005fad4	9	-
__tolower_l	FUNC	GLOBAL	DEFAULT	4	000000000001f86c	9	-
__toupper_l	FUNC	GLOBAL	DEFAULT	4	000000000001f888	9	-
__towctrans_l	FUNC	GLOBAL	DEFAULT	4	000000000001fa8c	9	-
__towlower_l	FUNC	GLOBAL	DEFAULT	4	000000000001f9cc	9	-
__towupper_l	FUNC	GLOBAL	DEFAULT	4	000000000001f9c8	9	-
__tzname	OBJECT	GLOBAL	DEFAULT	16	00000000000c26e0	17	-
__uflow	FUNC	GLOBAL	PROTECTED	64	0000000000052cdc	9	-
__uselocale	FUNC	GLOBAL	DEFAULT	56	00000000000287d4	9	-
__wcscoll_l	FUNC	GLOBAL	DEFAULT	4	000000000002880c	9	-
__wcsftime_l	FUNC	GLOBAL	DEFAULT	632	0000000000067604	9	-
__wcsxfrm_l	FUNC	GLOBAL	DEFAULT	104	000000000002881c	9	-
__wctrans_l	FUNC	GLOBAL	DEFAULT	4	000000000001fa88	9	-
__wctype_l	FUNC	GLOBAL	DEFAULT	4	000000000001f674	9	-
__xmknod	FUNC	GLOBAL	DEFAULT	16	0000000000051dac	9	-
__xmknodat	FUNC	GLOBAL	DEFAULT	20	0000000000051dbc	9	-
__xpg_basename	FUNC	WEAK	DEFAULT	120	000000000003af48	9	-
__xpg_strerror_r	FUNC	WEAK	DEFAULT	116	000000000005df24	9	-
__xstat	FUNC	GLOBAL	DEFAULT	12	0000000000051da0	9	-
_dl_debug_addr	OBJECT	GLOBAL	DEFAULT	8	00000000000c03c0	16	-
_dl_debug_state	FUNC	WEAK	DEFAULT	4	0000000000068e74	9	-
_dlstart	FUNC	GLOBAL	DEFAULT	0	00000000000689f8	9	-
_environ	OBJECT	WEAK	DEFAULT	8	00000000000c2008	17	-
_exit	FUNC	GLOBAL	DEFAULT	8	0000000000067888	9	-
_fini	FUNC	WEAK	DEFAULT	4	0000000000020c14	9	-
_flushlbf	FUNC	GLOBAL	DEFAULT	8	0000000000052e30	9	-
_init	FUNC	WEAK	DEFAULT	4	0000000000020110	9	-
_longjmp	FUNC	GLOBAL	DEFAULT	0	00000000000512bc	9	-
_ns_flagdata	OBJECT	GLOBAL	DEFAULT	128	00000000000a0328	10	-
_pthread_cleanup_pop	FUNC	GLOBAL	DEFAULT	56	0000000000060a24	9	-
_pthread_cleanup_push	FUNC	GLOBAL	DEFAULT	8	0000000000060a1c	9	-
_setjmp	FUNC	GLOBAL	DEFAULT	0	00000000000512f8	9	-
a64l	FUNC	GLOBAL	DEFAULT	100	000000000003aeb0	9	-
abort	FUNC	GLOBAL	DEFAULT	120	0000000000020918	9	-
abs	FUNC	GLOBAL	DEFAULT	12	000000000005c244	9	-
accept	FUNC	GLOBAL	DEFAULT	48	000000000003f404	9	-
accept4	FUNC	GLOBAL	DEFAULT	240	000000000003f434	9	-
access	FUNC	GLOBAL	DEFAULT	40	0000000000067890	9	-
acct	FUNC	GLOBAL	DEFAULT	24	00000000000678b8	9	-
acos	FUNC	GLOBAL	DEFAULT	364	000000000002cf50	9	-
acosf	FUNC	GLOBAL	DEFAULT	620	000000000002d0bc	9	-
acosh	FUNC	GLOBAL	DEFAULT	152	000000000002d328	9	-
acoshf	FUNC	GLOBAL	DEFAULT	152	000000000002d3c0	9	-
acoshl	FUNC	GLOBAL	DEFAULT	24	000000000002d458	9	-
acosl	FUNC	GLOBAL	DEFAULT	596	000000000002d470	9	-
addmntent	FUNC	GLOBAL	DEFAULT	84	000000000003c74c	9	-
adjtime	FUNC	GLOBAL	DEFAULT	216	00000000000243fc	9	-
adjtimex	FUNC	GLOBAL	DEFAULT	12	00000000000244d4	9	-
aio_cancel	FUNC	GLOBAL	DEFAULT	328	000000000001971c	9	-
aio_error	FUNC	GLOBAL	DEFAULT	16	000000000001970c	9	-
aio_fsync	FUNC	GLOBAL	DEFAULT	56	00000000000196cc	9	-
aio_read	FUNC	GLOBAL	DEFAULT	8	00000000000196bc	9	-
aio_return	FUNC	GLOBAL	DEFAULT	8	0000000000019704	9	-
aio_suspend	FUNC	GLOBAL	DEFAULT	544	0000000000019980	9	-
aio_write	FUNC	GLOBAL	DEFAULT	8	00000000000196c4	9	-
alarm	FUNC	GLOBAL	DEFAULT	68	00000000000678d0	9	-
aligned_alloc	FUNC	GLOBAL	DEFAULT	684	0000000000028a4c	9	-
alphasort	FUNC	GLOBAL	DEFAULT	20	000000000001fb7c	9	-
asctime	FUNC	GLOBAL	DEFAULT	12	0000000000065634	9	-
asctime_r	FUNC	WEAK	DEFAULT	164	0000000000065640	9	-
asin	FUNC	GLOBAL	DEFAULT	368	000000000002d770	9	-
asinf	FUNC	GLOBAL	DEFAULT	400	000000000002d8e0	9	-
asinh	FUNC	GLOBAL	DEFAULT	212	000000000002da70	9	-
asinhf	FUNC	GLOBAL	DEFAULT	216	000000000002db44	9	-
asinhl	FUNC	GLOBAL	DEFAULT	24	000000000002dc1c	9	-
asinl	FUNC	GLOBAL	DEFAULT	644	000000000002dc34	9	-
asprintf	FUNC	GLOBAL	DEFAULT	104	0000000000052d1c	9	-
at_quick_exit	FUNC	GLOBAL	DEFAULT	96	0000000000020a28	9	-
atan	FUNC	GLOBAL	DEFAULT	544	000000000002deb8	9	-
atan2	FUNC	GLOBAL	DEFAULT	448	000000000002e0d8	9	-
atan2f	FUNC	GLOBAL	DEFAULT	516	000000000002e298	9	-
atan2l	FUNC	GLOBAL	DEFAULT	832	000000000002e49c	9	-
atanf	FUNC	GLOBAL	DEFAULT	608	000000000002e7dc	9	-
atanh	FUNC	GLOBAL	DEFAULT	140	000000000002ea3c	9	-
atanhf	FUNC	GLOBAL	DEFAULT	148	000000000002eac8	9	-
atanhl	FUNC	GLOBAL	DEFAULT	228	000000000002eb5c	9	-
atanl	FUNC	GLOBAL	DEFAULT	1200	000000000002ec40	9	-
atexit	FUNC	GLOBAL	DEFAULT	20	0000000000020c00	9	-
atof	FUNC	GLOBAL	DEFAULT	8	000000000005c250	9	-
atoi	FUNC	GLOBAL	DEFAULT	108	000000000005c258	9	-
atol	FUNC	GLOBAL	DEFAULT	108	000000000005c2c4	9	-
atoll	FUNC	GLOBAL	DEFAULT	108	000000000005c330	9	-
basename	FUNC	GLOBAL	DEFAULT	120	000000000003af48	9	-
bcmp	FUNC	GLOBAL	DEFAULT	4	000000000005d2a0	9	-
bcopy	FUNC	GLOBAL	DEFAULT	16	000000000005d2a4	9	-
bind	FUNC	GLOBAL	DEFAULT	44	000000000003f524	9	-
bind_textdomain_codeset	FUNC	GLOBAL	DEFAULT	64	0000000000025594	9	-
bindtextdomain	FUNC	GLOBAL	DEFAULT	472	00000000000259f0	9	-
brk	FUNC	GLOBAL	DEFAULT	20	00000000000244e0	9	-
bsd_signal	FUNC	WEAK	DEFAULT	80	00000000000519e0	9	-
bsearch	FUNC	GLOBAL	DEFAULT	120	000000000005c39c	9	-
btowc	FUNC	GLOBAL	DEFAULT	52	000000000003e6b4	9	-
bzero	FUNC	GLOBAL	DEFAULT	12	000000000005d2b4	9	-
c16rtomb	FUNC	GLOBAL	DEFAULT	156	000000000003e6e8	9	-
c32rtomb	FUNC	GLOBAL	DEFAULT	4	000000000003e784	9	-
cabs	FUNC	GLOBAL	DEFAULT	4	000000000001a014	9	-
cabsf	FUNC	GLOBAL	DEFAULT	4	000000000001a018	9	-
cabsl	FUNC	GLOBAL	DEFAULT	4	000000000001a01c	9	-
cacos	FUNC	GLOBAL	DEFAULT	32	000000000001a020	9	-
cacosf	FUNC	GLOBAL	DEFAULT	36	000000000001a040	9	-
cacosh	FUNC	GLOBAL	DEFAULT	52	000000000001a064	9	-
cacoshf	FUNC	GLOBAL	DEFAULT	52	000000000001a098	9	-
cacoshl	FUNC	GLOBAL	DEFAULT	104	000000000001a0cc	9	-
cacosl	FUNC	GLOBAL	DEFAULT	64	000000000001a134	9	-
call_once	FUNC	GLOBAL	DEFAULT	4	000000000005fcc0	9	-
calloc	FUNC	GLOBAL	DEFAULT	216	0000000000028890	9	-
capget	FUNC	GLOBAL	DEFAULT	24	000000000002450c	9	-
capset	FUNC	GLOBAL	DEFAULT	24	00000000000244f4	9	-
carg	FUNC	GLOBAL	DEFAULT	16	000000000001a174	9	-
cargf	FUNC	GLOBAL	DEFAULT	16	000000000001a184	9	-
cargl	FUNC	GLOBAL	DEFAULT	16	000000000001a194	9	-
casin	FUNC	GLOBAL	DEFAULT	88	000000000001a1a4	9	-
casinf	FUNC	GLOBAL	DEFAULT	100	000000000001a1fc	9	-
casinh	FUNC	GLOBAL	DEFAULT	40	000000000001a260	9	-
casinhf	FUNC	GLOBAL	DEFAULT	40	000000000001a288	9	-
casinhl	FUNC	GLOBAL	DEFAULT	80	000000000001a2b0	9	-
casinl	FUNC	GLOBAL	DEFAULT	176	000000000001a300	9	-
catan	FUNC	GLOBAL	DEFAULT	116	000000000001a3b0	9	-
catanf	FUNC	GLOBAL	DEFAULT	116	000000000001a424	9	-
catanh	FUNC	GLOBAL	DEFAULT	40	000000000001a498	9	-
catanhf	FUNC	GLOBAL	DEFAULT	40	000000000001a4c0	9	-
catanhl	FUNC	GLOBAL	DEFAULT	80	000000000001a4e8	9	-
catanl	FUNC	GLOBAL	DEFAULT	292	000000000001a538	9	-
catclose	FUNC	GLOBAL	DEFAULT	32	00000000000255d4	9	-
catgets	FUNC	GLOBAL	DEFAULT	200	0000000000025614	9	-
catopen	FUNC	GLOBAL	DEFAULT	700	0000000000025734	9	-
cbrt	FUNC	GLOBAL	DEFAULT	292	000000000002f0f0	9	-
cbrtf	FUNC	GLOBAL	DEFAULT	212	000000000002f214	9	-
cbrtl	FUNC	GLOBAL	DEFAULT	620	000000000002f2e8	9	-
ccos	FUNC	GLOBAL	DEFAULT	16	000000000001a65c	9	-
ccosf	FUNC	GLOBAL	DEFAULT	16	000000000001a66c	9	-
ccosh	FUNC	GLOBAL	DEFAULT	652	000000000001a67c	9	-
ccoshf	FUNC	GLOBAL	DEFAULT	628	000000000001a908	9	-
ccoshl	FUNC	GLOBAL	DEFAULT	80	000000000001ab7c	9	-
ccosl	FUNC	GLOBAL	DEFAULT	44	000000000001abcc	9	-
ceil	FUNC	GLOBAL	DEFAULT	8	000000000002cda4	9	-
ceilf	FUNC	GLOBAL	DEFAULT	8	000000000002cdac	9	-
ceill	FUNC	GLOBAL	DEFAULT	296	000000000002f554	9	-
cexp	FUNC	GLOBAL	DEFAULT	264	000000000001abf8	9	-
cexpf	FUNC	GLOBAL	DEFAULT	256	000000000001ad00	9	-
cexpl	FUNC	GLOBAL	DEFAULT	80	000000000001ae00	9	-
cfgetispeed	FUNC	GLOBAL	DEFAULT	16	000000000005f5a8	9	-
cfgetospeed	FUNC	GLOBAL	DEFAULT	16	000000000005f598	9	-
cfmakeraw	FUNC	GLOBAL	DEFAULT	60	000000000005f5b8	9	-
cfsetispeed	FUNC	GLOBAL	DEFAULT	68	000000000005f634	9	-
cfsetospeed	FUNC	GLOBAL	DEFAULT	64	000000000005f5f4	9	-
cfsetspeed	FUNC	GLOBAL	DEFAULT	56	000000000005f678	9	-
chdir	FUNC	GLOBAL	DEFAULT	24	0000000000067914	9	-
chmod	FUNC	GLOBAL	DEFAULT	36	0000000000051dd0	9	-
chown	FUNC	GLOBAL	DEFAULT	44	000000000006792c	9	-
chroot	FUNC	GLOBAL	DEFAULT	24	0000000000024524	9	-
cimag	FUNC	GLOBAL	DEFAULT	8	000000000001ae50	9	-
cimagf	FUNC	GLOBAL	DEFAULT	8	000000000001ae58	9	-
cimagl	FUNC	GLOBAL	DEFAULT	8	000000000001ae60	9	-
clearenv	FUNC	GLOBAL	DEFAULT	60	000000000002043c	9	-
clearerr	FUNC	GLOBAL	DEFAULT	68	0000000000052d84	9	-
clearerr_unlocked	FUNC	WEAK	DEFAULT	68	0000000000052d84	9	-
clock	FUNC	GLOBAL	DEFAULT	124	00000000000656e4	9	-
clock_adjtime	FUNC	GLOBAL	DEFAULT	52	000000000002453c	9	-
clock_getcpuclockid	FUNC	GLOBAL	DEFAULT	76	0000000000065760	9	-
clock_getres	FUNC	GLOBAL	DEFAULT	28	00000000000657ac	9	-
clock_gettime	FUNC	WEAK	DEFAULT	152	000000000006584c	9	-
clock_nanosleep	FUNC	WEAK	DEFAULT	108	00000000000658e4	9	-
clock_settime	FUNC	GLOBAL	DEFAULT	28	0000000000065950	9	-
clog	FUNC	GLOBAL	DEFAULT	68	000000000001ae68	9	-
clogf	FUNC	GLOBAL	DEFAULT	68	000000000001aeac	9	-
clogl	FUNC	GLOBAL	DEFAULT	56	000000000001aef0	9	-
clone	FUNC	GLOBAL	DEFAULT	244	0000000000024598	9	-
close	FUNC	GLOBAL	DEFAULT	64	0000000000067958	9	-
closedir	FUNC	GLOBAL	DEFAULT	48	000000000001fb90	9	-
closelog	FUNC	GLOBAL	DEFAULT	84	000000000003d788	9	-
cnd_broadcast	FUNC	GLOBAL	DEFAULT	8	000000000005fcc4	9	-
cnd_destroy	FUNC	GLOBAL	DEFAULT	4	000000000005fccc	9	-
cnd_init	FUNC	GLOBAL	DEFAULT	20	000000000005fcd0	9	-
cnd_signal	FUNC	GLOBAL	DEFAULT	8	000000000005fce4	9	-
cnd_timedwait	FUNC	GLOBAL	DEFAULT	36	000000000005fcec	9	-
cnd_wait	FUNC	GLOBAL	DEFAULT	8	000000000005fd10	9	-
confstr	FUNC	GLOBAL	DEFAULT	120	000000000001bfa4	9	-
conj	FUNC	GLOBAL	DEFAULT	8	000000000001af28	9	-
conjf	FUNC	GLOBAL	DEFAULT	8	000000000001af30	9	-
conjl	FUNC	GLOBAL	DEFAULT	40	000000000001af38	9	-
connect	FUNC	GLOBAL	DEFAULT	48	000000000003f550	9	-
copy_file_range	FUNC	GLOBAL	DEFAULT	24	000000000002468c	9	-
copysign	FUNC	GLOBAL	DEFAULT	20	000000000002f67c	9	-
copysignf	FUNC	GLOBAL	DEFAULT	20	000000000002f690	9	-
copysignl	FUNC	GLOBAL	DEFAULT	56	000000000002f6a4	9	-
cos	FUNC	GLOBAL	DEFAULT	176	000000000002f6dc	9	-
cosf	FUNC	GLOBAL	DEFAULT	360	000000000002f78c	9	-
cosh	FUNC	GLOBAL	DEFAULT	156	000000000002f8f4	9	-
coshf	FUNC	GLOBAL	DEFAULT	156	000000000002f990	9	-
coshl	FUNC	GLOBAL	DEFAULT	24	000000000002fa2c	9	-
cosl	FUNC	GLOBAL	DEFAULT	244	000000000002fa44	9	-
cpow	FUNC	GLOBAL	DEFAULT	104	000000000001af60	9	-
cpowf	FUNC	GLOBAL	DEFAULT	104	000000000001afc8	9	-
cpowl	FUNC	GLOBAL	DEFAULT	152	000000000001b030	9	-
cproj	FUNC	GLOBAL	DEFAULT	76	000000000001b0c8	9	-
cprojf	FUNC	GLOBAL	DEFAULT	76	000000000001b114	9	-
cprojl	FUNC	GLOBAL	DEFAULT	84	000000000001b160	9	-
creal	FUNC	GLOBAL	DEFAULT	4	000000000001b1b4	9	-
crealf	FUNC	GLOBAL	DEFAULT	4	000000000001b1b8	9	-
creall	FUNC	GLOBAL	DEFAULT	4	000000000001b1bc	9	-
creat	FUNC	GLOBAL	DEFAULT	12	0000000000020c2c	9	-
crypt	FUNC	GLOBAL	DEFAULT	12	000000000001c2ac	9	-
crypt_r	FUNC	WEAK	DEFAULT	140	000000000001dbcc	9	-
csin	FUNC	GLOBAL	DEFAULT	40	000000000001b1c0	9	-
csinf	FUNC	GLOBAL	DEFAULT	40	000000000001b1e8	9	-
csinh	FUNC	GLOBAL	DEFAULT	676	000000000001b210	9	-
csinhf	FUNC	GLOBAL	DEFAULT	648	000000000001b4b4	9	-
csinhl	FUNC	GLOBAL	DEFAULT	80	000000000001b73c	9	-
csinl	FUNC	GLOBAL	DEFAULT	80	000000000001b78c	9	-
csqrt	FUNC	GLOBAL	DEFAULT	456	000000000001b7dc	9	-
csqrtf	FUNC	GLOBAL	DEFAULT	376	000000000001b9a4	9	-
csqrtl	FUNC	GLOBAL	DEFAULT	80	000000000001bb1c	9	-
ctan	FUNC	GLOBAL	DEFAULT	40	000000000001bb6c	9	-
ctanf	FUNC	GLOBAL	DEFAULT	40	000000000001bb94	9	-
ctanh	FUNC	GLOBAL	DEFAULT	428	000000000001bbbc	9	-
ctanhf	FUNC	GLOBAL	DEFAULT	412	000000000001bd68	9	-
ctanhl	FUNC	GLOBAL	DEFAULT	80	000000000001bf04	9	-
ctanl	FUNC	GLOBAL	DEFAULT	80	000000000001bf54	9	-
ctermid	FUNC	GLOBAL	DEFAULT	28	0000000000067998	9	-
ctime	FUNC	GLOBAL	DEFAULT	28	000000000006596c	9	-
ctime_r	FUNC	GLOBAL	DEFAULT	48	0000000000065988	9	-
cuserid	FUNC	GLOBAL	DEFAULT	120	0000000000023b34	9	-
daemon	FUNC	GLOBAL	DEFAULT	208	0000000000023bac	9	-
daylight	OBJECT	WEAK	DEFAULT	4	00000000000c2efc	17	-
dcgettext	FUNC	GLOBAL	DEFAULT	16	0000000000026030	9	-
dcngettext	FUNC	GLOBAL	DEFAULT	1128	0000000000025bc8	9	-
delete_module	FUNC	GLOBAL	DEFAULT	28	0000000000024aec	9	-
dgettext	FUNC	GLOBAL	DEFAULT	16	0000000000026048	9	-
difftime	FUNC	GLOBAL	DEFAULT	12	00000000000659b8	9	-
dirfd	FUNC	GLOBAL	DEFAULT	8	000000000001fbc0	9	-
dirname	FUNC	GLOBAL	DEFAULT	152	000000000003afc0	9	-
div	FUNC	GLOBAL	DEFAULT	28	000000000005c414	9	-
dl_iterate_phdr	FUNC	GLOBAL	DEFAULT	184	000000000006cd24	9	-
dladdr	FUNC	GLOBAL	DEFAULT	400	000000000006cb50	9	-
dlclose	FUNC	GLOBAL	DEFAULT	4	00000000000238e4	9	-
dlerror	FUNC	GLOBAL	DEFAULT	56	00000000000238e8	9	-
dlinfo	FUNC	GLOBAL	DEFAULT	76	0000000000023ae8	9	-
dlopen	FUNC	GLOBAL	DEFAULT	2112	000000000006c2c4	9	-
dlsym	FUNC	GLOBAL	DEFAULT	0	00000000000238ac	9	-
dn_comp	FUNC	GLOBAL	DEFAULT	1080	000000000003f580	9	-
dn_expand	FUNC	WEAK	DEFAULT	268	000000000003f9b8	9	-
dn_skipname	FUNC	GLOBAL	DEFAULT	104	000000000003fac4	9	-
dngettext	FUNC	GLOBAL	DEFAULT	8	0000000000026040	9	-
dprintf	FUNC	GLOBAL	DEFAULT	104	0000000000052dc8	9	-
drand48	FUNC	GLOBAL	DEFAULT	12	0000000000047780	9	-
drem	FUNC	WEAK	DEFAULT	20	00000000000388dc	9	-
dremf	FUNC	WEAK	DEFAULT	20	00000000000388f0	9	-
dup	FUNC	GLOBAL	DEFAULT	28	00000000000679b4	9	-
dup2	FUNC	GLOBAL	DEFAULT	100	00000000000679d0	9	-
dup3	FUNC	WEAK	DEFAULT	52	0000000000067a34	9	-
duplocale	FUNC	WEAK	DEFAULT	60	0000000000026058	9	-
eaccess	FUNC	WEAK	DEFAULT	20	0000000000023f38	9	-
ecvt	FUNC	GLOBAL	DEFAULT	164	000000000005c430	9	-
encrypt	FUNC	GLOBAL	DEFAULT	368	000000000001f200	9	-
endgrent	FUNC	WEAK	DEFAULT	32	0000000000045fa4	9	-
endhostent	FUNC	GLOBAL	DEFAULT	4	000000000003fcbc	9	-
endmntent	FUNC	GLOBAL	DEFAULT	32	000000000003c550	9	-
endnetent	FUNC	WEAK	DEFAULT	4	000000000003fcbc	9	-
endprotoent	FUNC	GLOBAL	DEFAULT	12	0000000000043de8	9	-
endpwent	FUNC	WEAK	DEFAULT	32	0000000000046a30	9	-
endservent	FUNC	GLOBAL	DEFAULT	4	0000000000045644	9	-
endspent	FUNC	GLOBAL	DEFAULT	4	0000000000046cd0	9	-
endusershell	FUNC	GLOBAL	DEFAULT	32	00000000000241a8	9	-
endutent	FUNC	WEAK	DEFAULT	4	00000000000243a4	9	-
endutxent	FUNC	GLOBAL	DEFAULT	4	00000000000243a4	9	-
environ	OBJECT	WEAK	DEFAULT	8	00000000000c2008	17	-
epoll_create	FUNC	GLOBAL	DEFAULT	36	00000000000246c4	9	-
epoll_create1	FUNC	GLOBAL	DEFAULT	32	00000000000246a4	9	-
epoll_ctl	FUNC	GLOBAL	DEFAULT	36	00000000000246e8	9	-
epoll_pwait	FUNC	GLOBAL	DEFAULT	52	000000000002470c	9	-
epoll_wait	FUNC	GLOBAL	DEFAULT	8	0000000000024740	9	-
erand48	FUNC	GLOBAL	DEFAULT	44	0000000000047754	9	-
erf	FUNC	GLOBAL	DEFAULT	384	000000000002fe94	9	-
erfc	FUNC	GLOBAL	DEFAULT	392	0000000000030014	9	-
erfcf	FUNC	GLOBAL	DEFAULT	432	0000000000030750	9	-
erfcl	FUNC	GLOBAL	DEFAULT	24	0000000000030918	9	-
erff	FUNC	GLOBAL	DEFAULT	424	00000000000305a8	9	-
erfl	FUNC	GLOBAL	DEFAULT	24	0000000000030900	9	-
err	FUNC	GLOBAL	DEFAULT	92	0000000000023e80	9	-
errx	FUNC	GLOBAL	DEFAULT	92	0000000000023edc	9	-
ether_aton	FUNC	GLOBAL	DEFAULT	12	000000000003fd48	9	-
ether_aton_r	FUNC	GLOBAL	DEFAULT	136	000000000003fcc0	9	-
ether_hostton	FUNC	GLOBAL	DEFAULT	8	000000000003fddc	9	-
ether_line	FUNC	GLOBAL	DEFAULT	8	000000000003fdcc	9	-
ether_ntoa	FUNC	GLOBAL	DEFAULT	12	000000000003fdc0	9	-
ether_ntoa_r	FUNC	GLOBAL	DEFAULT	108	000000000003fd54	9	-
ether_ntohost	FUNC	GLOBAL	DEFAULT	8	000000000003fdd4	9	-
euidaccess	FUNC	GLOBAL	DEFAULT	20	0000000000023f38	9	-
eventfd	FUNC	GLOBAL	DEFAULT	36	0000000000024748	9	-
eventfd_read	FUNC	GLOBAL	DEFAULT	28	000000000002476c	9	-
eventfd_write	FUNC	GLOBAL	DEFAULT	36	0000000000024788	9	-
execl	FUNC	GLOBAL	DEFAULT	368	0000000000047c90	9	-
execle	FUNC	GLOBAL	DEFAULT	384	0000000000047e00	9	-
execlp	FUNC	GLOBAL	DEFAULT	368	0000000000047f80	9	-
execv	FUNC	GLOBAL	DEFAULT	16	00000000000480f0	9	-
execve	FUNC	GLOBAL	DEFAULT	24	0000000000048100	9	-
execvp	FUNC	GLOBAL	DEFAULT	16	00000000000482e0	9	-
execvpe	FUNC	WEAK	DEFAULT	456	0000000000048118	9	-
exit	FUNC	GLOBAL	DEFAULT	120	0000000000013dc0	9	-
exp	FUNC	GLOBAL	DEFAULT	404	0000000000030930	9	-
exp10	FUNC	GLOBAL	DEFAULT	144	0000000000030ac4	9	-
exp10f	FUNC	GLOBAL	DEFAULT	160	0000000000030b54	9	-
exp10l	FUNC	GLOBAL	DEFAULT	188	0000000000030bf4	9	-
exp2	FUNC	GLOBAL	DEFAULT	408	0000000000030cb0	9	-
exp2f	FUNC	GLOBAL	DEFAULT	188	0000000000030e48	9	-
exp2l	FUNC	GLOBAL	DEFAULT	728	0000000000030f04	9	-
expf	FUNC	GLOBAL	DEFAULT	212	00000000000311dc	9	-
expl	FUNC	GLOBAL	DEFAULT	24	00000000000312b0	9	-
explicit_bzero	FUNC	GLOBAL	DEFAULT	24	000000000005d2c0	9	-
expm1	FUNC	GLOBAL	DEFAULT	692	00000000000312c8	9	-
expm1f	FUNC	GLOBAL	DEFAULT	752	000000000003157c	9	-
expm1l	FUNC	GLOBAL	DEFAULT	24	000000000003186c	9	-
fabs	FUNC	GLOBAL	DEFAULT	8	000000000002cdb4	9	-
fabsf	FUNC	GLOBAL	DEFAULT	8	000000000002cdbc	9	-
fabsl	FUNC	GLOBAL	DEFAULT	40	0000000000031884	9	-
faccessat	FUNC	GLOBAL	DEFAULT	412	0000000000067ae8	9	-
fallocate	FUNC	GLOBAL	DEFAULT	32	00000000000247ac	9	-
fanotify_init	FUNC	GLOBAL	DEFAULT	32	00000000000247cc	9	-
fanotify_mark	FUNC	GLOBAL	DEFAULT	36	00000000000247ec	9	-
fchdir	FUNC	GLOBAL	DEFAULT	104	0000000000067c84	9	-
fchmod	FUNC	GLOBAL	DEFAULT	120	0000000000051df4	9	-
fchmodat	FUNC	GLOBAL	DEFAULT	380	0000000000051e6c	9	-
fchown	FUNC	GLOBAL	DEFAULT	136	0000000000067cec	9	-
fchownat	FUNC	GLOBAL	DEFAULT	40	0000000000067d74	9	-
fclose	FUNC	GLOBAL	DEFAULT	212	0000000000052f50	9	-
fcntl	FUNC	GLOBAL	DEFAULT	352	0000000000020c38	9	-
fcvt	FUNC	GLOBAL	DEFAULT	240	000000000005c4d4	9	-
fdatasync	FUNC	GLOBAL	DEFAULT	48	0000000000067d9c	9	-
fdim	FUNC	GLOBAL	DEFAULT	72	00000000000318ac	9	-
fdimf	FUNC	GLOBAL	DEFAULT	72	00000000000318f4	9	-
fdiml	FUNC	GLOBAL	DEFAULT	92	000000000003193c	9	-
fdopen	FUNC	WEAK	DEFAULT	380	00000000000524b0	9	-
fdopendir	FUNC	GLOBAL	DEFAULT	148	000000000001fbc8	9	-
feclearexcept	FUNC	GLOBAL	DEFAULT	0	0000000000020f4c	9	-
fegetenv	FUNC	GLOBAL	DEFAULT	0	0000000000020f7c	9	-
fegetexceptflag	FUNC	GLOBAL	DEFAULT	32	0000000000020fb4	9	-
fegetround	FUNC	GLOBAL	DEFAULT	0	0000000000020f18	9	-
feholdexcept	FUNC	GLOBAL	DEFAULT	28	0000000000020fd4	9	-
feof	FUNC	GLOBAL	DEFAULT	72	0000000000053024	9	-
feof_unlocked	FUNC	WEAK	DEFAULT	72	0000000000053024	9	-
feraiseexcept	FUNC	GLOBAL	DEFAULT	0	0000000000020f64	9	-
ferror	FUNC	GLOBAL	DEFAULT	72	000000000005306c	9	-
ferror_unlocked	FUNC	WEAK	DEFAULT	72	000000000005306c	9	-
fesetenv	FUNC	GLOBAL	DEFAULT	0	0000000000020f90	9	-
fesetexceptflag	FUNC	GLOBAL	DEFAULT	56	0000000000020ff0	9	-
fesetround	FUNC	GLOBAL	DEFAULT	20	0000000000021028	9	-
fetestexcept	FUNC	GLOBAL	DEFAULT	0	0000000000020f3c	9	-
feupdateenv	FUNC	GLOBAL	DEFAULT	56	000000000002103c	9	-
fexecve	FUNC	GLOBAL	DEFAULT	136	00000000000482f0	9	-
fflush	FUNC	GLOBAL	DEFAULT	372	00000000000530b4	9	-
fflush_unlocked	FUNC	WEAK	DEFAULT	372	00000000000530b4	9	-
ffs	FUNC	GLOBAL	DEFAULT	24	000000000003b058	9	-
ffsl	FUNC	GLOBAL	DEFAULT	28	000000000003b070	9	-
ffsll	FUNC	GLOBAL	DEFAULT	28	000000000003b08c	9	-
fgetc	FUNC	GLOBAL	DEFAULT	68	00000000000532d4	9	-
fgetc_unlocked	FUNC	WEAK	DEFAULT	36	0000000000054f40	9	-
fgetgrent	FUNC	GLOBAL	DEFAULT	60	0000000000045890	9	-
fgetln	FUNC	GLOBAL	DEFAULT	216	0000000000053318	9	-
fgetpos	FUNC	GLOBAL	DEFAULT	40	00000000000533f0	9	-
fgetpwent	FUNC	GLOBAL	DEFAULT	48	00000000000458cc	9	-
fgets	FUNC	GLOBAL	DEFAULT	428	0000000000053418	9	-
fgets_unlocked	FUNC	WEAK	DEFAULT	428	0000000000053418	9	-
fgetspent	FUNC	GLOBAL	DEFAULT	108	00000000000458fc	9	-
fgetwc	FUNC	GLOBAL	DEFAULT	72	000000000005370c	9	-
fgetwc_unlocked	FUNC	WEAK	DEFAULT	328	00000000000535c4	9	-
fgetws	FUNC	GLOBAL	DEFAULT	192	0000000000053754	9	-
fgetws_unlocked	FUNC	WEAK	DEFAULT	192	0000000000053754	9	-
fgetxattr	FUNC	GLOBAL	DEFAULT	16	0000000000025304	9	-
fileno	FUNC	GLOBAL	DEFAULT	88	0000000000053814	9	-
fileno_unlocked	FUNC	WEAK	DEFAULT	88	0000000000053814	9	-
finite	FUNC	GLOBAL	DEFAULT	24	0000000000031998	9	-
finitef	FUNC	GLOBAL	DEFAULT	24	00000000000319b0	9	-
flistxattr	FUNC	GLOBAL	DEFAULT	16	000000000002532c	9	-
flock	FUNC	GLOBAL	DEFAULT	32	0000000000024810	9	-
flockfile	FUNC	GLOBAL	DEFAULT	52	000000000005386c	9	-
floor	FUNC	GLOBAL	DEFAULT	8	000000000002cdc4	9	-
floorf	FUNC	GLOBAL	DEFAULT	8	000000000002cdcc	9	-
floorl	FUNC	GLOBAL	DEFAULT	292	00000000000319c8	9	-
fma	FUNC	GLOBAL	DEFAULT	8	000000000002cdd4	9	-
fmaf	FUNC	GLOBAL	DEFAULT	8	000000000002cddc	9	-
fmal	FUNC	GLOBAL	DEFAULT	1592	0000000000031aec	9	-
fmax	FUNC	GLOBAL	DEFAULT	8	000000000002cde4	9	-
fmaxf	FUNC	GLOBAL	DEFAULT	8	000000000002cdec	9	-
fmaxl	FUNC	GLOBAL	DEFAULT	108	0000000000032124	9	-
fmemopen	FUNC	GLOBAL	DEFAULT	456	0000000000053aac	9	-
fmin	FUNC	GLOBAL	DEFAULT	8	000000000002cdf4	9	-
fminf	FUNC	GLOBAL	DEFAULT	8	000000000002cdfc	9	-
fminl	FUNC	GLOBAL	DEFAULT	108	0000000000032190	9	-
fmod	FUNC	GLOBAL	DEFAULT	284	00000000000321fc	9	-
fmodf	FUNC	GLOBAL	DEFAULT	280	0000000000032318	9	-
fmodl	FUNC	GLOBAL	DEFAULT	540	0000000000032430	9	-
fmtmsg	FUNC	GLOBAL	DEFAULT	856	000000000003b0a8	9	-
fnmatch	FUNC	GLOBAL	DEFAULT	400	0000000000049a94	9	-
fopen	FUNC	GLOBAL	DEFAULT	188	0000000000053c74	9	-
fopencookie	FUNC	GLOBAL	DEFAULT	256	0000000000053f64	9	-
fork	FUNC	GLOBAL	DEFAULT	468	0000000000048378	9	-
forkpty	FUNC	GLOBAL	DEFAULT	356	000000000003b400	9	-
fpathconf	FUNC	GLOBAL	DEFAULT	52	000000000001c01c	9	-
fprintf	FUNC	GLOBAL	DEFAULT	104	0000000000054064	9	-
fpurge	FUNC	WEAK	DEFAULT	24	0000000000052ed8	9	-
fputc	FUNC	GLOBAL	DEFAULT	100	0000000000054198	9	-
fputc_unlocked	FUNC	WEAK	DEFAULT	64	0000000000055f40	9	-
fputs	FUNC	GLOBAL	DEFAULT	64	00000000000541fc	9	-
fputs_unlocked	FUNC	WEAK	DEFAULT	64	00000000000541fc	9	-
fputwc	FUNC	GLOBAL	DEFAULT	84	0000000000054358	9	-
fputwc_unlocked	FUNC	WEAK	DEFAULT	284	000000000005423c	9	-
fputws	FUNC	GLOBAL	DEFAULT	232	00000000000543ac	9	-
fputws_unlocked	FUNC	WEAK	DEFAULT	232	00000000000543ac	9	-
fread	FUNC	GLOBAL	DEFAULT	264	0000000000054494	9	-
fread_unlocked	FUNC	WEAK	DEFAULT	264	0000000000054494	9	-
free	FUNC	GLOBAL	DEFAULT	4	0000000000028968	9	-
freeaddrinfo	FUNC	GLOBAL	DEFAULT	104	000000000003fde4	9	-
freeifaddrs	FUNC	GLOBAL	DEFAULT	36	0000000000040cec	9	-
freelocale	FUNC	GLOBAL	DEFAULT	36	0000000000026094	9	-
fremovexattr	FUNC	GLOBAL	DEFAULT	28	00000000000253c4	9	-
freopen	FUNC	GLOBAL	DEFAULT	328	000000000005459c	9	-
frexp	FUNC	GLOBAL	DEFAULT	116	000000000003264c	9	-
frexpf	FUNC	GLOBAL	DEFAULT	116	00000000000326c0	9	-
frexpl	FUNC	GLOBAL	DEFAULT	152	0000000000032734	9	-
fscanf	FUNC	GLOBAL	DEFAULT	104	00000000000546e4	9	-
fseek	FUNC	GLOBAL	DEFAULT	88	0000000000054868	9	-
fseeko	FUNC	WEAK	DEFAULT	88	0000000000054810	9	-
fsetpos	FUNC	GLOBAL	DEFAULT	12	00000000000548c0	9	-
fsetxattr	FUNC	GLOBAL	DEFAULT	32	0000000000025374	9	-
fstat	FUNC	WEAK	DEFAULT	44	0000000000051fe8	9	-
fstatat	FUNC	WEAK	DEFAULT	284	0000000000052014	9	-
fstatfs	FUNC	WEAK	DEFAULT	52	00000000000522c8	9	-
fstatvfs	FUNC	GLOBAL	DEFAULT	156	0000000000052394	9	-
fsync	FUNC	GLOBAL	DEFAULT	48	0000000000067dcc	9	-
ftell	FUNC	GLOBAL	DEFAULT	72	0000000000054984	9	-
ftello	FUNC	WEAK	DEFAULT	72	000000000005493c	9	-
ftime	FUNC	GLOBAL	DEFAULT	76	00000000000659c4	9	-
ftok	FUNC	GLOBAL	DEFAULT	56	0000000000023678	9	-
ftruncate	FUNC	GLOBAL	DEFAULT	28	0000000000067dfc	9	-
ftrylockfile	FUNC	GLOBAL	DEFAULT	144	0000000000054a50	9	-
ftw	FUNC	GLOBAL	DEFAULT	8	0000000000023f4c	9	-
funlockfile	FUNC	GLOBAL	DEFAULT	56	0000000000054ae0	9	-
futimens	FUNC	GLOBAL	DEFAULT	16	0000000000052130	9	-
futimes	FUNC	GLOBAL	DEFAULT	76	0000000000023f54	9	-
futimesat	FUNC	WEAK	DEFAULT	120	0000000000052140	9	-
fwide	FUNC	GLOBAL	DEFAULT	212	0000000000054b18	9	-
fwprintf	FUNC	GLOBAL	DEFAULT	104	0000000000054bec	9	-
fwrite	FUNC	GLOBAL	DEFAULT	156	0000000000054d4c	9	-
fwrite_unlocked	FUNC	WEAK	DEFAULT	156	0000000000054d4c	9	-
fwscanf	FUNC	GLOBAL	DEFAULT	104	0000000000054de8	9	-
gai_strerror	FUNC	GLOBAL	DEFAULT	56	000000000003fe4c	9	-
gcvt	FUNC	GLOBAL	DEFAULT	40	000000000005c5c4	9	-
get_avphys_pages	FUNC	GLOBAL	DEFAULT	8	000000000001c080	9	-
get_current_dir_name	FUNC	GLOBAL	DEFAULT	128	000000000003b564	9	-
get_nprocs	FUNC	GLOBAL	DEFAULT	20	000000000001c064	9	-
get_nprocs_conf	FUNC	GLOBAL	DEFAULT	20	000000000001c050	9	-
get_phys_pages	FUNC	GLOBAL	DEFAULT	8	000000000001c078	9	-
getaddrinfo	FUNC	GLOBAL	DEFAULT	968	000000000003fe84	9	-
getauxval	FUNC	WEAK	DEFAULT	88	000000000003b5e4	9	-
getc	FUNC	GLOBAL	DEFAULT	68	0000000000054efc	9	-
getc_unlocked	FUNC	GLOBAL	DEFAULT	36	0000000000054f40	9	-
getchar	FUNC	GLOBAL	DEFAULT	80	0000000000055018	9	-
getchar_unlocked	FUNC	GLOBAL	DEFAULT	40	0000000000055068	9	-
getcwd	FUNC	GLOBAL	DEFAULT	160	0000000000067e18	9	-
getdate	FUNC	GLOBAL	DEFAULT	272	0000000000065a10	9	-
getdate_err	OBJECT	GLOBAL	DEFAULT	4	00000000000c2f00	17	-
getdelim	FUNC	GLOBAL	DEFAULT	816	0000000000055090	9	-
getdents	FUNC	GLOBAL	DEFAULT	40	0000000000024830	9	-
getdomainname	FUNC	GLOBAL	DEFAULT	100	000000000003b63c	9	-
getdtablesize	FUNC	GLOBAL	DEFAULT	40	0000000000023fa0	9	-
getegid	FUNC	GLOBAL	DEFAULT	12	0000000000067eb8	9	-
getentropy	FUNC	GLOBAL	DEFAULT	148	000000000003b6a0	9	-
getenv	FUNC	GLOBAL	DEFAULT	124	0000000000020478	9	-
geteuid	FUNC	GLOBAL	DEFAULT	12	0000000000067ec4	9	-
getgid	FUNC	GLOBAL	DEFAULT	12	0000000000067ed0	9	-
getgrent	FUNC	GLOBAL	DEFAULT	108	0000000000045fc4	9	-
getgrgid	FUNC	GLOBAL	DEFAULT	68	0000000000046030	9	-
getgrgid_r	FUNC	GLOBAL	DEFAULT	28	0000000000045f88	9	-
getgrnam	FUNC	GLOBAL	DEFAULT	64	0000000000046074	9	-
getgrnam_r	FUNC	GLOBAL	DEFAULT	24	0000000000045f70	9	-
getgrouplist	FUNC	GLOBAL	DEFAULT	748	00000000000462ac	9	-
getgroups	FUNC	GLOBAL	DEFAULT	28	0000000000067edc	9	-
gethostbyaddr	FUNC	GLOBAL	DEFAULT	168	000000000004024c	9	-
gethostbyaddr_r	FUNC	GLOBAL	DEFAULT	468	00000000000402f4	9	-
gethostbyname	FUNC	GLOBAL	DEFAULT	8	00000000000404c8	9	-
gethostbyname2	FUNC	GLOBAL	DEFAULT	152	00000000000404d0	9	-
gethostbyname2_r	FUNC	GLOBAL	DEFAULT	552	0000000000040568	9	-
gethostbyname_r	FUNC	GLOBAL	DEFAULT	28	0000000000040790	9	-
gethostent	FUNC	GLOBAL	DEFAULT	8	000000000003fcac	9	-
gethostid	FUNC	GLOBAL	DEFAULT	8	000000000003b734	9	-
gethostname	FUNC	GLOBAL	DEFAULT	116	0000000000067ef8	9	-
getifaddrs	FUNC	GLOBAL	DEFAULT	100	0000000000040d10	9	-
getitimer	FUNC	GLOBAL	DEFAULT	28	00000000000513bc	9	-
getline	FUNC	GLOBAL	DEFAULT	12	00000000000553c0	9	-
getloadavg	FUNC	GLOBAL	DEFAULT	116	0000000000023fc8	9	-
getlogin	FUNC	GLOBAL	DEFAULT	12	0000000000067f6c	9	-
getlogin_r	FUNC	GLOBAL	DEFAULT	84	0000000000067f78	9	-
getmntent	FUNC	GLOBAL	DEFAULT	24	000000000003c734	9	-
getmntent_r	FUNC	GLOBAL	DEFAULT	452	000000000003c570	9	-
getnameinfo	FUNC	GLOBAL	DEFAULT	1616	0000000000040dc0	9	-
getnetbyaddr	FUNC	GLOBAL	DEFAULT	8	0000000000043988	9	-
getnetbyname	FUNC	GLOBAL	DEFAULT	8	0000000000043990	9	-
getnetent	FUNC	GLOBAL	DEFAULT	8	000000000003fcb4	9	-
getopt	FUNC	GLOBAL	DEFAULT	724	000000000003b884	9	-
getopt_long	FUNC	GLOBAL	DEFAULT	8	000000000003c078	9	-
getopt_long_only	FUNC	GLOBAL	DEFAULT	8	000000000003c080	9	-
getpagesize	FUNC	GLOBAL	DEFAULT	12	000000000002403c	9	-
getpass	FUNC	GLOBAL	DEFAULT	352	0000000000024048	9	-
getpeername	FUNC	GLOBAL	DEFAULT	40	0000000000041410	9	-
getpgid	FUNC	GLOBAL	DEFAULT	28	0000000000067fcc	9	-
getpgrp	FUNC	GLOBAL	DEFAULT	16	0000000000067fe8	9	-
getpid	FUNC	GLOBAL	DEFAULT	12	0000000000067ff8	9	-
getppid	FUNC	GLOBAL	DEFAULT	12	0000000000068004	9	-
getpriority	FUNC	GLOBAL	DEFAULT	48	000000000003c088	9	-
getprotobyname	FUNC	GLOBAL	DEFAULT	60	0000000000043e6c	9	-
getprotobynumber	FUNC	GLOBAL	DEFAULT	40	0000000000043ea8	9	-
getprotoent	FUNC	GLOBAL	DEFAULT	108	0000000000043e00	9	-
getpwent	FUNC	GLOBAL	DEFAULT	96	0000000000046a50	9	-
getpwnam	FUNC	GLOBAL	DEFAULT	52	0000000000046ae8	9	-
getpwnam_r	FUNC	GLOBAL	DEFAULT	24	00000000000469fc	9	-
getpwuid	FUNC	GLOBAL	DEFAULT	56	0000000000046ab0	9	-
getpwuid_r	FUNC	GLOBAL	DEFAULT	28	0000000000046a14	9	-
getrandom	FUNC	GLOBAL	DEFAULT	44	0000000000024858	9	-
getresgid	FUNC	GLOBAL	DEFAULT	24	000000000003c0b8	9	-
getresuid	FUNC	GLOBAL	DEFAULT	24	000000000003c0d0	9	-
getrlimit	FUNC	GLOBAL	DEFAULT	132	000000000003c0e8	9	-
getrusage	FUNC	GLOBAL	DEFAULT	32	000000000003c16c	9	-
gets	FUNC	GLOBAL	DEFAULT	188	00000000000553cc	9	-
getservbyname	FUNC	GLOBAL	DEFAULT	52	0000000000041438	9	-
getservbyname_r	FUNC	GLOBAL	DEFAULT	340	000000000004146c	9	-
getservbyport	FUNC	GLOBAL	DEFAULT	52	00000000000415c0	9	-
getservbyport_r	FUNC	GLOBAL	DEFAULT	456	00000000000415f4	9	-
getservent	FUNC	GLOBAL	DEFAULT	8	000000000004564c	9	-
getsid	FUNC	GLOBAL	DEFAULT	28	0000000000068010	9	-
getsockname	FUNC	GLOBAL	DEFAULT	40	00000000000417bc	9	-
getsockopt	FUNC	GLOBAL	DEFAULT	44	00000000000417e4	9	-
getspent	FUNC	GLOBAL	DEFAULT	8	0000000000046cd4	9	-
getspnam	FUNC	GLOBAL	DEFAULT	116	0000000000046cdc	9	-
getspnam_r	FUNC	GLOBAL	DEFAULT	704	0000000000046fe0	9	-
getsubopt	FUNC	GLOBAL	DEFAULT	204	000000000003c18c	9	-
gettext	FUNC	GLOBAL	DEFAULT	12	00000000000287b4	9	-
gettid	FUNC	GLOBAL	DEFAULT	12	0000000000024884	9	-
gettimeofday	FUNC	GLOBAL	DEFAULT	80	0000000000065b20	9	-
getuid	FUNC	GLOBAL	DEFAULT	12	000000000006802c	9	-
getusershell	FUNC	GLOBAL	DEFAULT	164	000000000002421c	9	-
getutent	FUNC	WEAK	DEFAULT	8	00000000000243ac	9	-
getutid	FUNC	WEAK	DEFAULT	8	00000000000243b4	9	-
getutline	FUNC	WEAK	DEFAULT	8	00000000000243bc	9	-
getutxent	FUNC	GLOBAL	DEFAULT	8	00000000000243ac	9	-
getutxid	FUNC	GLOBAL	DEFAULT	8	00000000000243b4	9	-
getutxline	FUNC	GLOBAL	DEFAULT	8	00000000000243bc	9	-
getw	FUNC	GLOBAL	DEFAULT	48	0000000000055488	9	-
getwc	FUNC	GLOBAL	DEFAULT	4	00000000000554b8	9	-
getwc_unlocked	FUNC	WEAK	DEFAULT	328	00000000000535c4	9	-
getwchar	FUNC	GLOBAL	DEFAULT	12	00000000000554bc	9	-
getwchar_unlocked	FUNC	WEAK	DEFAULT	12	00000000000554bc	9	-
getxattr	FUNC	GLOBAL	DEFAULT	12	00000000000252ec	9	-
glob	FUNC	GLOBAL	DEFAULT	1080	000000000004a31c	9	-
globfree	FUNC	GLOBAL	DEFAULT	76	000000000004a754	9	-
gmtime	FUNC	GLOBAL	DEFAULT	12	0000000000065b70	9	-
gmtime_r	FUNC	WEAK	DEFAULT	68	0000000000065b7c	9	-
grantpt	FUNC	GLOBAL	DEFAULT	8	000000000003ce44	9	-
h_errno	OBJECT	GLOBAL	DEFAULT	4	00000000000c2ed0	17	-
hasmntopt	FUNC	GLOBAL	DEFAULT	136	000000000003c7a0	9	-
hcreate	FUNC	GLOBAL	DEFAULT	84	00000000000508b0	9	-
hcreate_r	FUNC	WEAK	DEFAULT	84	0000000000050930	9	-
hdestroy	FUNC	GLOBAL	DEFAULT	44	0000000000050904	9	-
hdestroy_r	FUNC	WEAK	DEFAULT	44	0000000000050984	9	-
herror	FUNC	GLOBAL	DEFAULT	88	0000000000041830	9	-
hsearch	FUNC	GLOBAL	DEFAULT	32	0000000000050b10	9	-
hsearch_r	FUNC	WEAK	DEFAULT	352	00000000000509b0	9	-
hstrerror	FUNC	GLOBAL	DEFAULT	56	0000000000041888	9	-
htonl	FUNC	GLOBAL	DEFAULT	8	00000000000418c0	9	-
htons	FUNC	GLOBAL	DEFAULT	8	00000000000418c8	9	-
hypot	FUNC	GLOBAL	DEFAULT	316	00000000000327cc	9	-
hypotf	FUNC	GLOBAL	DEFAULT	224	0000000000032908	9	-
hypotl	FUNC	GLOBAL	DEFAULT	752	00000000000329e8	9	-
iconv	FUNC	GLOBAL	DEFAULT	5184	00000000000262d0	9	-
iconv_close	FUNC	GLOBAL	DEFAULT	32	0000000000027710	9	-
iconv_open	FUNC	GLOBAL	DEFAULT	168	0000000000026228	9	-
if_freenameindex	FUNC	GLOBAL	DEFAULT	4	00000000000418d0	9	-
if_indextoname	FUNC	GLOBAL	DEFAULT	144	00000000000418d4	9	-
if_nameindex	FUNC	GLOBAL	DEFAULT	264	0000000000041b14	9	-
if_nametoindex	FUNC	GLOBAL	DEFAULT	124	0000000000041c1c	9	-
ilogb	FUNC	GLOBAL	DEFAULT	88	0000000000032cd8	9	-
ilogbf	FUNC	GLOBAL	DEFAULT	88	0000000000032d30	9	-
ilogbl	FUNC	GLOBAL	DEFAULT	164	0000000000032d88	9	-
imaxabs	FUNC	GLOBAL	DEFAULT	12	000000000005c5ec	9	-
imaxdiv	FUNC	GLOBAL	DEFAULT	16	000000000005c5f8	9	-
in6addr_any	OBJECT	GLOBAL	DEFAULT	16	00000000000a0260	10	-
in6addr_loopback	OBJECT	GLOBAL	DEFAULT	16	00000000000a0270	10	-
index	FUNC	GLOBAL	DEFAULT	4	000000000005d2d8	9	-
inet_addr	FUNC	GLOBAL	DEFAULT	32	0000000000041c98	9	-
inet_aton	FUNC	WEAK	DEFAULT	280	0000000000041cb8	9	-
inet_lnaof	FUNC	GLOBAL	DEFAULT	36	0000000000041e08	9	-
inet_makeaddr	FUNC	GLOBAL	DEFAULT	40	0000000000041de0	9	-
inet_netof	FUNC	GLOBAL	DEFAULT	32	0000000000041e2c	9	-
inet_network	FUNC	GLOBAL	DEFAULT	16	0000000000041dd0	9	-
inet_ntoa	FUNC	GLOBAL	DEFAULT	56	0000000000041e4c	9	-
inet_ntop	FUNC	GLOBAL	DEFAULT	564	0000000000041e84	9	-
inet_pton	FUNC	GLOBAL	DEFAULT	696	00000000000420b8	9	-
init_module	FUNC	GLOBAL	DEFAULT	24	0000000000024ad4	9	-
initgroups	FUNC	GLOBAL	DEFAULT	200	000000000003c258	9	-
initstate	FUNC	GLOBAL	DEFAULT	256	000000000004791c	9	-
inotify_add_watch	FUNC	GLOBAL	DEFAULT	32	00000000000248b8	9	-
inotify_init	FUNC	GLOBAL	DEFAULT	8	00000000000248b0	9	-
inotify_init1	FUNC	GLOBAL	DEFAULT	32	0000000000024890	9	-
inotify_rm_watch	FUNC	GLOBAL	DEFAULT	32	00000000000248d8	9	-
insque	FUNC	GLOBAL	DEFAULT	40	0000000000050b30	9	-
ioctl	FUNC	GLOBAL	DEFAULT	64	000000000003c320	9	-
isalnum	FUNC	GLOBAL	DEFAULT	40	000000000001f3b0	9	-
isalnum_l	FUNC	WEAK	DEFAULT	4	000000000001f3d8	9	-
isalpha	FUNC	GLOBAL	DEFAULT	20	000000000001f3dc	9	-
isalpha_l	FUNC	WEAK	DEFAULT	4	000000000001f3f0	9	-
isascii	FUNC	GLOBAL	DEFAULT	12	000000000001f3f4	9	-
isastream	FUNC	GLOBAL	DEFAULT	24	00000000000242c0	9	-
isatty	FUNC	GLOBAL	DEFAULT	40	0000000000068038	9	-
isblank	FUNC	GLOBAL	DEFAULT	16	000000000001f400	9	-
isblank_l	FUNC	WEAK	DEFAULT	4	000000000001f410	9	-
iscntrl	FUNC	GLOBAL	DEFAULT	16	000000000001f414	9	-
iscntrl_l	FUNC	WEAK	DEFAULT	4	000000000001f424	9	-
isdigit	FUNC	GLOBAL	DEFAULT	16	000000000001f428	9	-
isdigit_l	FUNC	WEAK	DEFAULT	4	000000000001f438	9	-
isgraph	FUNC	GLOBAL	DEFAULT	16	000000000001f43c	9	-
isgraph_l	FUNC	WEAK	DEFAULT	4	000000000001f44c	9	-
islower	FUNC	GLOBAL	DEFAULT	16	000000000001f450	9	-
islower_l	FUNC	WEAK	DEFAULT	4	000000000001f460	9	-
isprint	FUNC	GLOBAL	DEFAULT	16	000000000001f464	9	-
isprint_l	FUNC	WEAK	DEFAULT	4	000000000001f474	9	-
ispunct	FUNC	GLOBAL	DEFAULT	44	000000000001f478	9	-
ispunct_l	FUNC	WEAK	DEFAULT	4	000000000001f4a4	9	-
issetugid	FUNC	GLOBAL	DEFAULT	12	000000000003c360	9	-
isspace	FUNC	GLOBAL	DEFAULT	20	000000000001f4a8	9	-
isspace_l	FUNC	WEAK	DEFAULT	4	000000000001f4bc	9	-
isupper	FUNC	GLOBAL	DEFAULT	16	000000000001f4c0	9	-
isupper_l	FUNC	WEAK	DEFAULT	4	000000000001f4d0	9	-
iswalnum	FUNC	GLOBAL	DEFAULT	44	000000000001f4d4	9	-
iswalnum_l	FUNC	WEAK	DEFAULT	4	000000000001f500	9	-
iswalpha	FUNC	GLOBAL	DEFAULT	76	000000000001f504	9	-
iswalpha_l	FUNC	WEAK	DEFAULT	4	000000000001f550	9	-
iswblank	FUNC	GLOBAL	DEFAULT	4	000000000001f554	9	-
iswblank_l	FUNC	WEAK	DEFAULT	4	000000000001f558	9	-
iswcntrl	FUNC	GLOBAL	DEFAULT	64	000000000001f55c	9	-
iswcntrl_l	FUNC	WEAK	DEFAULT	4	000000000001f59c	9	-
iswctype	FUNC	GLOBAL	DEFAULT	112	000000000001f5a0	9	-
iswctype_l	FUNC	WEAK	DEFAULT	4	000000000001f670	9	-
iswdigit	FUNC	GLOBAL	DEFAULT	16	000000000001f678	9	-
iswdigit_l	FUNC	WEAK	DEFAULT	4	000000000001f688	9	-
iswgraph	FUNC	GLOBAL	DEFAULT	48	000000000001f68c	9	-
iswgraph_l	FUNC	WEAK	DEFAULT	4	000000000001f6bc	9	-
iswlower	FUNC	GLOBAL	DEFAULT	28	000000000001f6c0	9	-
iswlower_l	FUNC	WEAK	DEFAULT	4	000000000001f6dc	9	-
iswprint	FUNC	GLOBAL	DEFAULT	128	000000000001f6e0	9	-
iswprint_l	FUNC	WEAK	DEFAULT	4	000000000001f760	9	-
iswpunct	FUNC	GLOBAL	DEFAULT	64	000000000001f764	9	-
iswpunct_l	FUNC	WEAK	DEFAULT	4	000000000001f7a4	9	-
iswspace	FUNC	GLOBAL	DEFAULT	44	000000000001f7a8	9	-
iswspace_l	FUNC	WEAK	DEFAULT	4	000000000001f7d4	9	-
iswupper	FUNC	GLOBAL	DEFAULT	28	000000000001f7d8	9	-
iswupper_l	FUNC	WEAK	DEFAULT	4	000000000001f7f4	9	-
iswxdigit	FUNC	GLOBAL	DEFAULT	40	000000000001f7f8	9	-
iswxdigit_l	FUNC	WEAK	DEFAULT	4	000000000001f820	9	-
isxdigit	FUNC	GLOBAL	DEFAULT	40	000000000001f824	9	-
isxdigit_l	FUNC	WEAK	DEFAULT	4	000000000001f84c	9	-
j0	FUNC	GLOBAL	DEFAULT	304	000000000003331c	9	-
j0f	FUNC	GLOBAL	DEFAULT	324	0000000000033c10	9	-
j1	FUNC	GLOBAL	DEFAULT	268	0000000000034408	9	-
j1f	FUNC	GLOBAL	DEFAULT	288	0000000000034cf4	9	-
jn	FUNC	GLOBAL	DEFAULT	996	0000000000034fb4	9	-
jnf	FUNC	GLOBAL	DEFAULT	764	00000000000355a8	9	-
jrand48	FUNC	GLOBAL	DEFAULT	28	00000000000477c8	9	-
kill	FUNC	GLOBAL	DEFAULT	32	00000000000513d8	9	-
killpg	FUNC	GLOBAL	DEFAULT	40	00000000000513f8	9	-
klogctl	FUNC	GLOBAL	DEFAULT	32	00000000000248f8	9	-
l64a	FUNC	GLOBAL	DEFAULT	52	000000000003af14	9	-
labs	FUNC	GLOBAL	DEFAULT	12	000000000005c608	9	-
lchmod	FUNC	GLOBAL	DEFAULT	20	00000000000521b8	9	-
lchown	FUNC	GLOBAL	DEFAULT	44	0000000000068060	9	-
lckpwdf	FUNC	GLOBAL	DEFAULT	8	00000000000472a0	9	-
lcong48	FUNC	GLOBAL	DEFAULT	20	000000000004778c	9	-
ldexp	FUNC	GLOBAL	DEFAULT	4	00000000000359a4	9	-
ldexpf	FUNC	GLOBAL	DEFAULT	4	00000000000359a8	9	-
ldexpl	FUNC	GLOBAL	DEFAULT	4	00000000000359ac	9	-
ldiv	FUNC	GLOBAL	DEFAULT	16	000000000005c614	9	-
lfind	FUNC	GLOBAL	DEFAULT	112	0000000000050c1c	9	-
lgamma	FUNC	GLOBAL	DEFAULT	12	00000000000359b0	9	-
lgamma_r	FUNC	WEAK	DEFAULT	2024	00000000000359bc	9	-
lgammaf	FUNC	GLOBAL	DEFAULT	12	00000000000361a4	9	-
lgammaf_r	FUNC	WEAK	DEFAULT	2196	00000000000361b0	9	-
lgammal	FUNC	GLOBAL	DEFAULT	12	0000000000036a64	9	-
lgammal_r	FUNC	WEAK	DEFAULT	32	0000000000036a44	9	-
lgetxattr	FUNC	GLOBAL	DEFAULT	12	00000000000252f8	9	-
link	FUNC	GLOBAL	DEFAULT	44	000000000006808c	9	-
linkat	FUNC	GLOBAL	DEFAULT	36	00000000000680b8	9	-
lio_listio	FUNC	GLOBAL	DEFAULT	460	0000000000019cec	9	-
listen	FUNC	GLOBAL	DEFAULT	48	0000000000042370	9	-
listxattr	FUNC	GLOBAL	DEFAULT	12	0000000000025314	9	-
llabs	FUNC	GLOBAL	DEFAULT	12	000000000005c624	9	-
lldiv	FUNC	GLOBAL	DEFAULT	16	000000000005c630	9	-
llistxattr	FUNC	GLOBAL	DEFAULT	12	0000000000025320	9	-
llrint	FUNC	GLOBAL	DEFAULT	12	000000000002ce04	9	-
llrintf	FUNC	GLOBAL	DEFAULT	12	000000000002ce10	9	-
llrintl	FUNC	GLOBAL	DEFAULT	108	0000000000036a70	9	-
llround	FUNC	GLOBAL	DEFAULT	8	000000000002ce1c	9	-
llroundf	FUNC	GLOBAL	DEFAULT	8	000000000002ce24	9	-
llroundl	FUNC	GLOBAL	DEFAULT	20	0000000000036adc	9	-
localeconv	FUNC	GLOBAL	DEFAULT	12	0000000000027b08	9	-
localtime	FUNC	GLOBAL	DEFAULT	12	0000000000065bc0	9	-
localtime_r	FUNC	WEAK	DEFAULT	136	0000000000065bcc	9	-
lockf	FUNC	GLOBAL	DEFAULT	216	000000000003c36c	9	-
log	FUNC	GLOBAL	DEFAULT	512	0000000000036af0	9	-
log10	FUNC	GLOBAL	DEFAULT	496	0000000000036cf0	9	-
log10f	FUNC	GLOBAL	DEFAULT	396	0000000000036ee0	9	-
log10l	FUNC	GLOBAL	DEFAULT	24	000000000003706c	9	-
log1p	FUNC	GLOBAL	DEFAULT	476	0000000000037084	9	-
log1pf	FUNC	GLOBAL	DEFAULT	432	0000000000037260	9	-
log1pl	FUNC	GLOBAL	DEFAULT	24	0000000000037410	9	-
log2	FUNC	GLOBAL	DEFAULT	500	0000000000037428	9	-
log2f	FUNC	GLOBAL	DEFAULT	240	000000000003761c	9	-
log2l	FUNC	GLOBAL	DEFAULT	24	000000000003770c	9	-
logb	FUNC	GLOBAL	DEFAULT	72	0000000000037724	9	-
logbf	FUNC	GLOBAL	DEFAULT	72	000000000003776c	9	-
logbl	FUNC	GLOBAL	DEFAULT	104	00000000000377b4	9	-
logf	FUNC	GLOBAL	DEFAULT	240	000000000003781c	9	-
login_tty	FUNC	GLOBAL	DEFAULT	120	000000000003c444	9	-
logl	FUNC	GLOBAL	DEFAULT	24	000000000003790c	9	-
longjmp	FUNC	GLOBAL	DEFAULT	0	00000000000512bc	9	-
lrand48	FUNC	GLOBAL	DEFAULT	12	00000000000477bc	9	-
lremovexattr	FUNC	GLOBAL	DEFAULT	24	00000000000253ac	9	-
lrint	FUNC	GLOBAL	DEFAULT	12	000000000002ce2c	9	-
lrintf	FUNC	GLOBAL	DEFAULT	12	000000000002ce38	9	-
lrintl	FUNC	GLOBAL	DEFAULT	108	0000000000037924	9	-
lround	FUNC	GLOBAL	DEFAULT	8	000000000002ce44	9	-
lroundf	FUNC	GLOBAL	DEFAULT	8	000000000002ce4c	9	-
lroundl	FUNC	GLOBAL	DEFAULT	20	0000000000037990	9	-
lsearch	FUNC	GLOBAL	DEFAULT	160	0000000000050b7c	9	-
lseek	FUNC	WEAK	DEFAULT	20	00000000000680dc	9	-
lsetxattr	FUNC	GLOBAL	DEFAULT	28	0000000000025358	9	-
lstat	FUNC	GLOBAL	DEFAULT	20	00000000000521cc	9	-
lutimes	FUNC	GLOBAL	DEFAULT	88	00000000000242d8	9	-
madvise	FUNC	WEAK	DEFAULT	28	000000000003df0c	9	-
malloc	FUNC	WEAK	DEFAULT	4	0000000000028a48	9	-
malloc_usable_size	FUNC	GLOBAL	DEFAULT	384	000000000002a5c4	9	-
mblen	FUNC	GLOBAL	DEFAULT	16	000000000003e788	9	-
mbrlen	FUNC	GLOBAL	DEFAULT	32	000000000003e798	9	-
mbrtoc16	FUNC	GLOBAL	DEFAULT	212	000000000003e7b8	9	-
mbrtoc32	FUNC	GLOBAL	DEFAULT	104	000000000003e88c	9	-
mbrtowc	FUNC	GLOBAL	DEFAULT	288	000000000003e8f4	9	-
mbsinit	FUNC	GLOBAL	DEFAULT	28	000000000003ea14	9	-
mbsnrtowcs	FUNC	GLOBAL	DEFAULT	388	000000000003ea30	9	-
mbsrtowcs	FUNC	GLOBAL	DEFAULT	856	000000000003ebb4	9	-
mbstowcs	FUNC	GLOBAL	DEFAULT	28	000000000003ef0c	9	-
mbtowc	FUNC	GLOBAL	DEFAULT	292	000000000003ef28	9	-
memalign	FUNC	GLOBAL	DEFAULT	4	000000000002abb4	9	-
membarrier	FUNC	WEAK	DEFAULT	348	0000000000024924	9	-
memccpy	FUNC	GLOBAL	DEFAULT	196	000000000005d2dc	9	-
memchr	FUNC	GLOBAL	DEFAULT	188	000000000005d3a0	9	-
memcmp	FUNC	GLOBAL	DEFAULT	48	000000000005d45c	9	-
memcpy	FUNC	GLOBAL	DEFAULT	396	00000000000189f0	9	-
memfd_create	FUNC	GLOBAL	DEFAULT	28	0000000000024a94	9	-
memmem	FUNC	GLOBAL	DEFAULT	412	000000000005d710	9	-
memmove	FUNC	GLOBAL	DEFAULT	276	000000000005d8ac	9	-
mempcpy	FUNC	GLOBAL	DEFAULT	24	000000000005d9c0	9	-
memrchr	FUNC	WEAK	DEFAULT	272	000000000005d9d8	9	-
memset	FUNC	GLOBAL	DEFAULT	260	0000000000018b80	9	-
mincore	FUNC	GLOBAL	DEFAULT	24	000000000003df28	9	-
mkdir	FUNC	GLOBAL	DEFAULT	36	00000000000521e0	9	-
mkdirat	FUNC	GLOBAL	DEFAULT	32	0000000000052204	9	-
mkdtemp	FUNC	GLOBAL	DEFAULT	180	000000000005f348	9	-
mkfifo	FUNC	GLOBAL	DEFAULT	12	0000000000052224	9	-
mkfifoat	FUNC	GLOBAL	DEFAULT	12	0000000000052230	9	-
mknod	FUNC	GLOBAL	DEFAULT	40	000000000005223c	9	-
mknodat	FUNC	GLOBAL	DEFAULT	32	0000000000052264	9	-
mkostemp	FUNC	GLOBAL	DEFAULT	12	000000000005f3fc	9	-
mkostemps	FUNC	WEAK	DEFAULT	212	000000000005f408	9	-
mkstemp	FUNC	GLOBAL	DEFAULT	12	000000000005f4dc	9	-
mkstemps	FUNC	GLOBAL	DEFAULT	8	000000000005f4e8	9	-
mktemp	FUNC	GLOBAL	DEFAULT	168	000000000005f4f0	9	-
mktime	FUNC	GLOBAL	DEFAULT	196	0000000000065c54	9	-
mlock	FUNC	GLOBAL	DEFAULT	24	000000000003df40	9	-
mlock2	FUNC	GLOBAL	DEFAULT	36	0000000000024ab0	9	-
mlockall	FUNC	GLOBAL	DEFAULT	28	000000000003df58	9	-
mmap	FUNC	WEAK	DEFAULT	176	000000000003df74	9	-
modf	FUNC	GLOBAL	DEFAULT	108	00000000000379a4	9	-
modff	FUNC	GLOBAL	DEFAULT	108	0000000000037a10	9	-
modfl	FUNC	GLOBAL	DEFAULT	436	0000000000037a7c	9	-
mount	FUNC	GLOBAL	DEFAULT	24	0000000000024b08	9	-
mprotect	FUNC	WEAK	DEFAULT	64	000000000003e024	9	-
mq_close	FUNC	GLOBAL	DEFAULT	28	000000000003e2ec	9	-
mq_getattr	FUNC	GLOBAL	DEFAULT	12	000000000003e308	9	-
mq_notify	FUNC	GLOBAL	DEFAULT	444	000000000003e3cc	9	-
mq_open	FUNC	GLOBAL	DEFAULT	88	000000000003e588	9	-
mq_receive	FUNC	GLOBAL	DEFAULT	8	000000000003e5e0	9	-
mq_send	FUNC	GLOBAL	DEFAULT	8	000000000003e5e8	9	-
mq_setattr	FUNC	GLOBAL	DEFAULT	28	000000000003e5f0	9	-
mq_timedreceive	FUNC	GLOBAL	DEFAULT	44	000000000003e60c	9	-
mq_timedsend	FUNC	GLOBAL	DEFAULT	48	000000000003e638	9	-
mq_unlink	FUNC	GLOBAL	DEFAULT	76	000000000003e668	9	-
mrand48	FUNC	GLOBAL	DEFAULT	12	00000000000477e4	9	-
mremap	FUNC	WEAK	DEFAULT	132	000000000003e064	9	-
msgctl	FUNC	GLOBAL	DEFAULT	36	00000000000236b0	9	-
msgget	FUNC	GLOBAL	DEFAULT	32	00000000000236d4	9	-
msgrcv	FUNC	GLOBAL	DEFAULT	44	00000000000236f4	9	-
msgsnd	FUNC	GLOBAL	DEFAULT	48	0000000000023720	9	-
msync	FUNC	GLOBAL	DEFAULT	48	000000000003e0e8	9	-
mtx_destroy	FUNC	GLOBAL	DEFAULT	4	000000000005fd3c	9	-
mtx_init	FUNC	GLOBAL	DEFAULT	28	000000000005fd40	9	-
mtx_lock	FUNC	GLOBAL	DEFAULT	52	000000000005fd5c	9	-
mtx_timedlock	FUNC	GLOBAL	DEFAULT	36	000000000005fd90	9	-
mtx_trylock	FUNC	GLOBAL	DEFAULT	80	000000000005fdb4	9	-
mtx_unlock	FUNC	GLOBAL	DEFAULT	4	000000000005fe04	9	-
munlock	FUNC	GLOBAL	DEFAULT	24	000000000003e118	9	-
munlockall	FUNC	GLOBAL	DEFAULT	24	000000000003e130	9	-
munmap	FUNC	WEAK	DEFAULT	36	000000000003e148	9	-
name_to_handle_at	FUNC	GLOBAL	DEFAULT	32	0000000000024b58	9	-
nan	FUNC	GLOBAL	DEFAULT	12	0000000000037c30	9	-
nanf	FUNC	GLOBAL	DEFAULT	12	0000000000037c3c	9	-
nanl	FUNC	GLOBAL	DEFAULT	16	0000000000037c48	9	-
nanosleep	FUNC	GLOBAL	DEFAULT	44	0000000000065d18	9	-
nearbyint	FUNC	GLOBAL	DEFAULT	8	000000000002ce54	9	-
nearbyintf	FUNC	GLOBAL	DEFAULT	8	000000000002ce5c	9	-
nearbyintl	FUNC	GLOBAL	DEFAULT	60	0000000000037c58	9	-
newlocale	FUNC	WEAK	DEFAULT	472	0000000000027b58	9	-
nextafter	FUNC	GLOBAL	DEFAULT	148	0000000000037c94	9	-
nextafterf	FUNC	GLOBAL	DEFAULT	152	0000000000037d28	9	-
nextafterl	FUNC	GLOBAL	DEFAULT	344	0000000000037dc0	9	-
nexttoward	FUNC	GLOBAL	DEFAULT	260	0000000000037f18	9	-
nexttowardf	FUNC	GLOBAL	DEFAULT	248	000000000003801c	9	-
nexttowardl	FUNC	GLOBAL	DEFAULT	4	0000000000038114	9	-
nftw	FUNC	GLOBAL	DEFAULT	180	000000000003cbe4	9	-
ngettext	FUNC	GLOBAL	DEFAULT	20	00000000000287c0	9	-
nice	FUNC	GLOBAL	DEFAULT	132	00000000000680f0	9	-
nl_langinfo	FUNC	WEAK	DEFAULT	12	0000000000027830	9	-
nl_langinfo_l	FUNC	WEAK	DEFAULT	256	0000000000027730	9	-
nrand48	FUNC	GLOBAL	DEFAULT	28	00000000000477a0	9	-
ns_get16	FUNC	GLOBAL	DEFAULT	16	0000000000043998	9	-
ns_get32	FUNC	GLOBAL	DEFAULT	12	00000000000439a8	9	-
ns_initparse	FUNC	GLOBAL	DEFAULT	244	0000000000043a88	9	-
ns_name_uncompress	FUNC	GLOBAL	DEFAULT	44	0000000000043b7c	9	-
ns_parserr	FUNC	GLOBAL	DEFAULT	560	0000000000043ba8	9	-
ns_put16	FUNC	GLOBAL	DEFAULT	12	00000000000439b4	9	-
ns_put32	FUNC	GLOBAL	DEFAULT	12	00000000000439c0	9	-
ns_skiprr	FUNC	GLOBAL	DEFAULT	188	00000000000439cc	9	-
ntohl	FUNC	GLOBAL	DEFAULT	8	0000000000043dd8	9	-
ntohs	FUNC	GLOBAL	DEFAULT	8	0000000000043de0	9	-
open	FUNC	GLOBAL	DEFAULT	148	0000000000020d98	9	-
open_by_handle_at	FUNC	GLOBAL	DEFAULT	32	0000000000024b78	9	-
open_memstream	FUNC	GLOBAL	DEFAULT	260	0000000000055684	9	-
open_wmemstream	FUNC	GLOBAL	DEFAULT	264	0000000000055920	9	-
openat	FUNC	GLOBAL	DEFAULT	108	0000000000020e2c	9	-
opendir	FUNC	GLOBAL	DEFAULT	72	000000000001fc5c	9	-
openlog	FUNC	GLOBAL	DEFAULT	228	000000000003d7dc	9	-
openpty	FUNC	GLOBAL	DEFAULT	300	000000000003cc98	9	-
optarg	OBJECT	GLOBAL	DEFAULT	8	00000000000c2350	17	-
opterr	OBJECT	GLOBAL	DEFAULT	4	00000000000c03d8	16	-
optind	OBJECT	GLOBAL	DEFAULT	4	00000000000c03dc	16	-
optopt	OBJECT	GLOBAL	DEFAULT	4	00000000000c2eb0	17	-
optreset	OBJECT	WEAK	DEFAULT	4	00000000000c2ea8	17	-
pathconf	FUNC	GLOBAL	DEFAULT	8	000000000001c088	9	-
pause	FUNC	GLOBAL	DEFAULT	48	0000000000068174	9	-
pclose	FUNC	GLOBAL	DEFAULT	76	0000000000055a28	9	-
perror	FUNC	GLOBAL	DEFAULT	308	0000000000055a74	9	-
personality	FUNC	GLOBAL	DEFAULT	24	0000000000024b98	9	-
pipe	FUNC	GLOBAL	DEFAULT	28	00000000000681a4	9	-
pipe2	FUNC	GLOBAL	DEFAULT	192	00000000000681c0	9	-
pivot_root	FUNC	GLOBAL	DEFAULT	24	0000000000024bb0	9	-
poll	FUNC	GLOBAL	DEFAULT	112	00000000000510fc	9	-
popen	FUNC	GLOBAL	DEFAULT	496	0000000000055ba8	9	-
posix_close	FUNC	GLOBAL	DEFAULT	4	0000000000068280	9	-
posix_fadvise	FUNC	GLOBAL	DEFAULT	24	0000000000020e98	9	-
posix_fallocate	FUNC	GLOBAL	DEFAULT	32	0000000000020eb0	9	-
posix_getdents	FUNC	GLOBAL	DEFAULT	40	000000000001fca4	9	-
posix_madvise	FUNC	GLOBAL	DEFAULT	36	000000000003e16c	9	-
posix_memalign	FUNC	GLOBAL	DEFAULT	72	000000000002abb8	9	-
posix_openpt	FUNC	GLOBAL	DEFAULT	68	000000000003ce00	9	-
posix_spawn	FUNC	GLOBAL	DEFAULT	396	0000000000048904	9	-
posix_spawn_file_actions_addchdir_np	FUNC	GLOBAL	DEFAULT	112	0000000000048a90	9	-
posix_spawn_file_actions_addclose	FUNC	GLOBAL	DEFAULT	96	0000000000048b00	9	-
posix_spawn_file_actions_adddup2	FUNC	GLOBAL	DEFAULT	112	0000000000048b60	9	-
posix_spawn_file_actions_addfchdir_np	FUNC	GLOBAL	DEFAULT	96	0000000000048bd0	9	-
posix_spawn_file_actions_addopen	FUNC	GLOBAL	DEFAULT	140	0000000000048c30	9	-
posix_spawn_file_actions_destroy	FUNC	GLOBAL	DEFAULT	40	0000000000048cbc	9	-
posix_spawn_file_actions_init	FUNC	GLOBAL	DEFAULT	12	0000000000048ce4	9	-
posix_spawnattr_destroy	FUNC	GLOBAL	DEFAULT	8	0000000000048cf0	9	-
posix_spawnattr_getflags	FUNC	GLOBAL	DEFAULT	16	0000000000048cf8	9	-
posix_spawnattr_getpgroup	FUNC	GLOBAL	DEFAULT	16	0000000000048d08	9	-
posix_spawnattr_getschedparam	FUNC	GLOBAL	DEFAULT	8	0000000000048da4	9	-
posix_spawnattr_getschedpolicy	FUNC	GLOBAL	DEFAULT	8	0000000000048db4	9	-
posix_spawnattr_getsigdefault	FUNC	GLOBAL	DEFAULT	56	0000000000048d18	9	-
posix_spawnattr_getsigmask	FUNC	GLOBAL	DEFAULT	56	0000000000048d50	9	-
posix_spawnattr_init	FUNC	GLOBAL	DEFAULT	28	0000000000048d88	9	-
posix_spawnattr_setflags	FUNC	GLOBAL	DEFAULT	32	0000000000048dc4	9	-
posix_spawnattr_setpgroup	FUNC	GLOBAL	DEFAULT	12	0000000000048de4	9	-
posix_spawnattr_setschedparam	FUNC	GLOBAL	DEFAULT	8	0000000000048dac	9	-
posix_spawnattr_setschedpolicy	FUNC	GLOBAL	DEFAULT	8	0000000000048dbc	9	-
posix_spawnattr_setsigdefault	FUNC	GLOBAL	DEFAULT	56	0000000000048df0	9	-
posix_spawnattr_setsigmask	FUNC	GLOBAL	DEFAULT	56	0000000000048e28	9	-
posix_spawnp	FUNC	GLOBAL	DEFAULT	108	0000000000048e60	9	-
pow	FUNC	GLOBAL	DEFAULT	1224	0000000000038118	9	-
pow10	FUNC	WEAK	DEFAULT	144	0000000000030ac4	9	-
pow10f	FUNC	WEAK	DEFAULT	160	0000000000030b54	9	-
pow10l	FUNC	WEAK	DEFAULT	188	0000000000030bf4	9	-
powf	FUNC	GLOBAL	DEFAULT	712	00000000000385e0	9	-
powl	FUNC	GLOBAL	DEFAULT	52	00000000000388a8	9	-
ppoll	FUNC	GLOBAL	DEFAULT	64	000000000005116c	9	-
prctl	FUNC	GLOBAL	DEFAULT	64	0000000000024bc8	9	-
pread	FUNC	GLOBAL	DEFAULT	44	0000000000068284	9	-
preadv	FUNC	GLOBAL	DEFAULT	44	00000000000682b0	9	-
preadv2	FUNC	GLOBAL	DEFAULT	104	0000000000024c08	9	-
printf	FUNC	GLOBAL	DEFAULT	120	0000000000055d98	9	-
prlimit	FUNC	GLOBAL	DEFAULT	32	0000000000024c70	9	-
process_vm_readv	FUNC	GLOBAL	DEFAULT	16	0000000000024ca0	9	-
process_vm_writev	FUNC	GLOBAL	DEFAULT	16	0000000000024c90	9	-
program_invocation_name	OBJECT	WEAK	DEFAULT	8	00000000000c2268	17	-
program_invocation_short_name	OBJECT	WEAK	DEFAULT	8	00000000000c2270	17	-
pselect	FUNC	GLOBAL	DEFAULT	76	00000000000511ac	9	-
psiginfo	FUNC	GLOBAL	DEFAULT	8	0000000000051420	9	-
psignal	FUNC	GLOBAL	DEFAULT	212	0000000000051428	9	-
pthread_atfork	FUNC	GLOBAL	DEFAULT	120	000000000005fee0	9	-
pthread_attr_destroy	FUNC	GLOBAL	DEFAULT	8	000000000005ff58	9	-
pthread_attr_getdetachstate	FUNC	GLOBAL	DEFAULT	16	000000000005ff60	9	-
pthread_attr_getguardsize	FUNC	GLOBAL	DEFAULT	16	000000000005ff70	9	-
pthread_attr_getinheritsched	FUNC	GLOBAL	DEFAULT	16	000000000005ff80	9	-
pthread_attr_getschedparam	FUNC	GLOBAL	DEFAULT	16	000000000005ff90	9	-
pthread_attr_getschedpolicy	FUNC	GLOBAL	DEFAULT	16	000000000005ffa0	9	-
pthread_attr_getscope	FUNC	GLOBAL	DEFAULT	12	000000000005ffb0	9	-
pthread_attr_getstack	FUNC	GLOBAL	DEFAULT	40	000000000005ffbc	9	-
pthread_attr_getstacksize	FUNC	GLOBAL	DEFAULT	16	000000000005ffe4	9	-
pthread_attr_init	FUNC	GLOBAL	DEFAULT	64	0000000000060094	9	-
pthread_attr_setdetachstate	FUNC	GLOBAL	DEFAULT	28	00000000000600d4	9	-
pthread_attr_setguardsize	FUNC	GLOBAL	DEFAULT	32	00000000000600f0	9	-
pthread_attr_setinheritsched	FUNC	GLOBAL	DEFAULT	28	0000000000060110	9	-
pthread_attr_setschedparam	FUNC	GLOBAL	DEFAULT	16	000000000006012c	9	-
pthread_attr_setschedpolicy	FUNC	GLOBAL	DEFAULT	12	000000000006013c	9	-
pthread_attr_setscope	FUNC	GLOBAL	DEFAULT	28	0000000000060148	9	-
pthread_attr_setstack	FUNC	GLOBAL	DEFAULT	44	0000000000060164	9	-
pthread_attr_setstacksize	FUNC	GLOBAL	DEFAULT	40	0000000000060190	9	-
pthread_barrier_destroy	FUNC	GLOBAL	DEFAULT	96	00000000000601b8	9	-
pthread_barrier_init	FUNC	GLOBAL	DEFAULT	52	0000000000060218	9	-
pthread_barrier_wait	FUNC	GLOBAL	DEFAULT	1100	000000000006024c	9	-
pthread_barrierattr_destroy	FUNC	GLOBAL	DEFAULT	8	0000000000060698	9	-
pthread_barrierattr_getpshared	FUNC	GLOBAL	DEFAULT	24	000000000005fff4	9	-
pthread_barrierattr_init	FUNC	GLOBAL	DEFAULT	12	00000000000606a0	9	-
pthread_barrierattr_setpshared	FUNC	GLOBAL	DEFAULT	32	00000000000606ac	9	-
pthread_cancel	FUNC	GLOBAL	DEFAULT	204	0000000000060950	9	-
pthread_cond_broadcast	FUNC	GLOBAL	DEFAULT	96	0000000000060a5c	9	-
pthread_cond_destroy	FUNC	GLOBAL	DEFAULT	152	0000000000060abc	9	-
pthread_cond_init	FUNC	GLOBAL	DEFAULT	52	0000000000060b54	9	-
pthread_cond_signal	FUNC	GLOBAL	DEFAULT	96	0000000000060b88	9	-
pthread_cond_timedwait	FUNC	WEAK	DEFAULT	1536	0000000000060be8	9	-
pthread_cond_wait	FUNC	GLOBAL	DEFAULT	8	00000000000613a8	9	-
pthread_condattr_destroy	FUNC	GLOBAL	DEFAULT	8	00000000000613b0	9	-
pthread_condattr_getclock	FUNC	GLOBAL	DEFAULT	20	000000000006000c	9	-
pthread_condattr_getpshared	FUNC	GLOBAL	DEFAULT	20	0000000000060020	9	-
pthread_condattr_init	FUNC	GLOBAL	DEFAULT	12	00000000000613b8	9	-
pthread_condattr_setclock	FUNC	GLOBAL	DEFAULT	48	00000000000613c4	9	-
pthread_condattr_setpshared	FUNC	GLOBAL	DEFAULT	40	00000000000613f4	9	-
pthread_create	FUNC	WEAK	DEFAULT	1416	0000000000061828	9	-
pthread_detach	FUNC	WEAK	DEFAULT	96	0000000000061db0	9	-
pthread_equal	FUNC	WEAK	DEFAULT	12	0000000000061e10	9	-
pthread_exit	FUNC	WEAK	DEFAULT	456	000000000006159c	9	-
pthread_getaffinity_np	FUNC	GLOBAL	DEFAULT	76	0000000000050630	9	-
pthread_getattr_default_np	FUNC	GLOBAL	DEFAULT	60	00000000000631b0	9	-
pthread_getattr_np	FUNC	GLOBAL	DEFAULT	196	0000000000061e1c	9	-
pthread_getconcurrency	FUNC	GLOBAL	DEFAULT	8	0000000000061ee0	9	-
pthread_getcpuclockid	FUNC	GLOBAL	DEFAULT	28	0000000000061ee8	9	-
pthread_getname_np	FUNC	GLOBAL	DEFAULT	264	0000000000061f04	9	-
pthread_getschedparam	FUNC	GLOBAL	DEFAULT	132	000000000006200c	9	-
pthread_getspecific	FUNC	WEAK	DEFAULT	16	0000000000062090	9	-
pthread_join	FUNC	WEAK	DEFAULT	8	000000000006217c	9	-
pthread_key_create	FUNC	WEAK	DEFAULT	168	00000000000621e0	9	-
pthread_key_delete	FUNC	WEAK	DEFAULT	128	0000000000062288	9	-
pthread_kill	FUNC	GLOBAL	DEFAULT	116	00000000000623e0	9	-
pthread_mutex_consistent	FUNC	GLOBAL	DEFAULT	80	0000000000062454	9	-
pthread_mutex_destroy	FUNC	GLOBAL	DEFAULT	40	00000000000624a4	9	-
pthread_mutex_getprioceiling	FUNC	GLOBAL	DEFAULT	8	00000000000624cc	9	-
pthread_mutex_init	FUNC	GLOBAL	DEFAULT	32	00000000000624d4	9	-
pthread_mutex_lock	FUNC	WEAK	DEFAULT	56	00000000000624f4	9	-
pthread_mutex_setprioceiling	FUNC	GLOBAL	DEFAULT	8	000000000006252c	9	-
pthread_mutex_timedlock	FUNC	WEAK	DEFAULT	584	0000000000062534	9	-
pthread_mutex_trylock	FUNC	WEAK	DEFAULT	56	00000000000628ec	9	-
pthread_mutex_unlock	FUNC	WEAK	DEFAULT	436	0000000000062924	9	-
pthread_mutexattr_destroy	FUNC	GLOBAL	DEFAULT	8	0000000000062ad8	9	-
pthread_mutexattr_getprotocol	FUNC	GLOBAL	DEFAULT	20	0000000000060034	9	-
pthread_mutexattr_getpshared	FUNC	GLOBAL	DEFAULT	20	0000000000060048	9	-
pthread_mutexattr_getrobust	FUNC	GLOBAL	DEFAULT	20	000000000006005c	9	-
pthread_mutexattr_gettype	FUNC	GLOBAL	DEFAULT	20	0000000000060070	9	-
pthread_mutexattr_init	FUNC	GLOBAL	DEFAULT	12	0000000000062ae0	9	-
pthread_mutexattr_setprotocol	FUNC	GLOBAL	DEFAULT	160	0000000000062aec	9	-
pthread_mutexattr_setpshared	FUNC	GLOBAL	DEFAULT	40	0000000000062b8c	9	-
pthread_mutexattr_setrobust	FUNC	GLOBAL	DEFAULT	140	0000000000062bb4	9	-
pthread_mutexattr_settype	FUNC	GLOBAL	DEFAULT	40	0000000000062c40	9	-
pthread_once	FUNC	WEAK	DEFAULT	28	0000000000062da4	9	-
pthread_rwlock_destroy	FUNC	GLOBAL	DEFAULT	8	0000000000062dc0	9	-
pthread_rwlock_init	FUNC	GLOBAL	DEFAULT	40	0000000000062dc8	9	-
pthread_rwlock_rdlock	FUNC	WEAK	DEFAULT	8	0000000000062df0	9	-
pthread_rwlock_timedrdlock	FUNC	WEAK	DEFAULT	232	0000000000062df8	9	-
pthread_rwlock_timedwrlock	FUNC	WEAK	DEFAULT	204	0000000000062ee0	9	-
pthread_rwlock_tryrdlock	FUNC	WEAK	DEFAULT	88	0000000000062fac	9	-
pthread_rwlock_trywrlock	FUNC	WEAK	DEFAULT	40	0000000000063004	9	-
pthread_rwlock_unlock	FUNC	WEAK	DEFAULT	148	000000000006302c	9	-
pthread_rwlock_wrlock	FUNC	WEAK	DEFAULT	8	00000000000630c0	9	-
pthread_rwlockattr_destroy	FUNC	GLOBAL	DEFAULT	8	00000000000630c8	9	-
pthread_rwlockattr_getpshared	FUNC	GLOBAL	DEFAULT	16	0000000000060084	9	-
pthread_rwlockattr_init	FUNC	GLOBAL	DEFAULT	12	00000000000630d0	9	-
pthread_rwlockattr_setpshared	FUNC	GLOBAL	DEFAULT	28	00000000000630dc	9	-
pthread_self	FUNC	WEAK	DEFAULT	12	00000000000630f8	9	-
pthread_setaffinity_np	FUNC	GLOBAL	DEFAULT	20	00000000000505d0	9	-
pthread_setattr_default_np	FUNC	GLOBAL	DEFAULT	172	0000000000063104	9	-
pthread_setcancelstate	FUNC	WEAK	DEFAULT	52	00000000000631ec	9	-
pthread_setcanceltype	FUNC	GLOBAL	DEFAULT	76	0000000000063220	9	-
pthread_setconcurrency	FUNC	GLOBAL	DEFAULT	24	000000000006326c	9	-
pthread_setname_np	FUNC	GLOBAL	DEFAULT	260	0000000000063284	9	-
pthread_setschedparam	FUNC	GLOBAL	DEFAULT	116	0000000000063388	9	-
pthread_setschedprio	FUNC	GLOBAL	DEFAULT	100	00000000000633fc	9	-
pthread_setspecific	FUNC	GLOBAL	DEFAULT	52	0000000000063460	9	-
pthread_sigmask	FUNC	GLOBAL	DEFAULT	64	0000000000063494	9	-
pthread_spin_destroy	FUNC	GLOBAL	DEFAULT	8	00000000000634d4	9	-
pthread_spin_init	FUNC	GLOBAL	DEFAULT	12	00000000000634dc	9	-
pthread_spin_lock	FUNC	GLOBAL	DEFAULT	48	00000000000634e8	9	-
pthread_spin_trylock	FUNC	GLOBAL	DEFAULT	36	0000000000063518	9	-
pthread_spin_unlock	FUNC	GLOBAL	DEFAULT	20	000000000006353c	9	-
pthread_testcancel	FUNC	WEAK	DEFAULT	4	0000000000063550	9	-
pthread_timedjoin_np	FUNC	WEAK	DEFAULT	220	00000000000620a0	9	-
pthread_tryjoin_np	FUNC	WEAK	DEFAULT	28	0000000000062184	9	-
ptrace	FUNC	GLOBAL	DEFAULT	100	0000000000024cb0	9	-
ptsname	FUNC	GLOBAL	DEFAULT	60	000000000003cdc4	9	-
ptsname_r	FUNC	WEAK	DEFAULT	108	000000000003ce6c	9	-
putc	FUNC	GLOBAL	DEFAULT	100	0000000000055edc	9	-
putc_unlocked	FUNC	GLOBAL	DEFAULT	64	0000000000055f40	9	-
putchar	FUNC	GLOBAL	DEFAULT	104	0000000000056058	9	-
putchar_unlocked	FUNC	GLOBAL	DEFAULT	68	00000000000560c0	9	-
putenv	FUNC	GLOBAL	DEFAULT	60	0000000000020610	9	-
putgrent	FUNC	GLOBAL	DEFAULT	212	00000000000474e8	9	-
putpwent	FUNC	GLOBAL	DEFAULT	64	00000000000475bc	9	-
puts	FUNC	GLOBAL	DEFAULT	208	0000000000056104	9	-
putspent	FUNC	GLOBAL	DEFAULT	292	00000000000475fc	9	-
pututline	FUNC	WEAK	DEFAULT	8	00000000000243c4	9	-
pututxline	FUNC	GLOBAL	DEFAULT	8	00000000000243c4	9	-
putw	FUNC	GLOBAL	DEFAULT	40	00000000000561d4	9	-
putwc	FUNC	GLOBAL	DEFAULT	4	00000000000561fc	9	-
putwc_unlocked	FUNC	WEAK	DEFAULT	284	000000000005423c	9	-
putwchar	FUNC	GLOBAL	DEFAULT	12	0000000000056200	9	-
putwchar_unlocked	FUNC	WEAK	DEFAULT	12	0000000000056200	9	-
pwrite	FUNC	GLOBAL	DEFAULT	184	00000000000682dc	9	-
pwritev	FUNC	GLOBAL	DEFAULT	176	0000000000068394	9	-
pwritev2	FUNC	GLOBAL	DEFAULT	104	0000000000024d14	9	-
qsort	FUNC	GLOBAL	DEFAULT	16	000000000005ccd0	9	-
qsort_r	FUNC	WEAK	DEFAULT	808	000000000005c9a0	9	-
quick_exit	FUNC	GLOBAL	DEFAULT	20	0000000000020c18	9	-
quotactl	FUNC	GLOBAL	DEFAULT	32	0000000000024d7c	9	-
raise	FUNC	GLOBAL	DEFAULT	64	00000000000514fc	9	-
rand	FUNC	GLOBAL	DEFAULT	44	0000000000047800	9	-
rand_r	FUNC	GLOBAL	DEFAULT	68	000000000004782c	9	-
random	FUNC	GLOBAL	DEFAULT	168	0000000000047aa0	9	-
read	FUNC	GLOBAL	DEFAULT	44	0000000000068444	9	-
readahead	FUNC	GLOBAL	DEFAULT	16	0000000000024d9c	9	-
readdir	FUNC	GLOBAL	DEFAULT	156	000000000001fccc	9	-
readdir_r	FUNC	GLOBAL	DEFAULT	152	000000000001fd68	9	-
readlink	FUNC	GLOBAL	DEFAULT	88	0000000000068470	9	-
readlinkat	FUNC	GLOBAL	DEFAULT	64	00000000000684c8	9	-
readv	FUNC	GLOBAL	DEFAULT	44	0000000000068508	9	-
realloc	FUNC	GLOBAL	DEFAULT	4	000000000002ac00	9	-
reallocarray	FUNC	GLOBAL	DEFAULT	48	000000000002ac04	9	-
realpath	FUNC	GLOBAL	DEFAULT	1176	000000000003ced8	9	-
reboot	FUNC	GLOBAL	DEFAULT	44	0000000000024dac	9	-
recv	FUNC	GLOBAL	DEFAULT	12	0000000000043ed0	9	-
recvfrom	FUNC	GLOBAL	DEFAULT	44	0000000000043edc	9	-
recvmmsg	FUNC	GLOBAL	DEFAULT	88	0000000000043f08	9	-
recvmsg	FUNC	GLOBAL	DEFAULT	120	0000000000043f60	9	-
regcomp	FUNC	GLOBAL	DEFAULT	5696	000000000004d4a8	9	-
regerror	FUNC	GLOBAL	DEFAULT	136	000000000004eae8	9	-
regexec	FUNC	GLOBAL	DEFAULT	5728	000000000004ed90	9	-
regfree	FUNC	GLOBAL	DEFAULT	304	000000000004d378	9	-
remainder	FUNC	GLOBAL	DEFAULT	20	00000000000388dc	9	-
remainderf	FUNC	GLOBAL	DEFAULT	20	00000000000388f0	9	-
remainderl	FUNC	GLOBAL	DEFAULT	20	0000000000038904	9	-
remap_file_pages	FUNC	GLOBAL	DEFAULT	32	0000000000024dd8	9	-
remove	FUNC	GLOBAL	DEFAULT	72	000000000005620c	9	-
removexattr	FUNC	GLOBAL	DEFAULT	24	0000000000025394	9	-
remque	FUNC	GLOBAL	DEFAULT	36	0000000000050b58	9	-
remquo	FUNC	GLOBAL	DEFAULT	508	0000000000038918	9	-
remquof	FUNC	GLOBAL	DEFAULT	520	0000000000038b14	9	-
remquol	FUNC	GLOBAL	DEFAULT	996	0000000000038d1c	9	-
rename	FUNC	GLOBAL	DEFAULT	40	0000000000056254	9	-
renameat	FUNC	GLOBAL	DEFAULT	32	0000000000068534	9	-
renameat2	FUNC	GLOBAL	DEFAULT	56	0000000000024df8	9	-
res_init	FUNC	GLOBAL	DEFAULT	8	0000000000043fd8	9	-
res_mkquery	FUNC	WEAK	DEFAULT	424	0000000000043fe0	9	-
res_query	FUNC	GLOBAL	DEFAULT	204	0000000000044e64	9	-
res_querydomain	FUNC	GLOBAL	DEFAULT	192	0000000000044f30	9	-
res_search	FUNC	WEAK	DEFAULT	204	0000000000044e64	9	-
res_send	FUNC	WEAK	DEFAULT	224	0000000000044ff0	9	-
rewind	FUNC	GLOBAL	DEFAULT	116	000000000005627c	9	-
rewinddir	FUNC	GLOBAL	DEFAULT	52	000000000001fe00	9	-
rindex	FUNC	GLOBAL	DEFAULT	4	000000000005dae8	9	-
rint	FUNC	GLOBAL	DEFAULT	8	000000000002ce64	9	-
rintf	FUNC	GLOBAL	DEFAULT	8	000000000002ce6c	9	-
rintl	FUNC	GLOBAL	DEFAULT	152	0000000000039100	9	-
rmdir	FUNC	GLOBAL	DEFAULT	36	0000000000068554	9	-
round	FUNC	GLOBAL	DEFAULT	8	000000000002ce74	9	-
roundf	FUNC	GLOBAL	DEFAULT	8	000000000002ce7c	9	-
roundl	FUNC	GLOBAL	DEFAULT	324	0000000000039198	9	-
sbrk	FUNC	GLOBAL	DEFAULT	24	0000000000024e30	9	-
scalb	FUNC	GLOBAL	DEFAULT	200	00000000000392dc	9	-
scalbf	FUNC	GLOBAL	DEFAULT	200	00000000000393a4	9	-
scalbln	FUNC	GLOBAL	DEFAULT	28	000000000003946c	9	-
scalblnf	FUNC	GLOBAL	DEFAULT	28	0000000000039488	9	-
scalblnl	FUNC	GLOBAL	DEFAULT	28	00000000000394a4	9	-
scalbn	FUNC	GLOBAL	DEFAULT	132	00000000000394c0	9	-
scalbnf	FUNC	GLOBAL	DEFAULT	128	0000000000039544	9	-
scalbnl	FUNC	GLOBAL	DEFAULT	252	00000000000395c4	9	-
scandir	FUNC	GLOBAL	DEFAULT	360	000000000001fe34	9	-
scanf	FUNC	GLOBAL	DEFAULT	108	00000000000562f0	9	-
sched_get_priority_max	FUNC	GLOBAL	DEFAULT	28	00000000000506bc	9	-
sched_get_priority_min	FUNC	GLOBAL	DEFAULT	28	00000000000506d8	9	-
sched_getaffinity	FUNC	GLOBAL	DEFAULT	76	00000000000505e4	9	-
sched_getcpu	FUNC	GLOBAL	DEFAULT	52	00000000000506f4	9	-
sched_getparam	FUNC	GLOBAL	DEFAULT	20	0000000000050728	9	-
sched_getscheduler	FUNC	GLOBAL	DEFAULT	20	000000000005073c	9	-
sched_rr_get_interval	FUNC	GLOBAL	DEFAULT	28	0000000000050750	9	-
sched_setaffinity	FUNC	GLOBAL	DEFAULT	28	00000000000505b4	9	-
sched_setparam	FUNC	GLOBAL	DEFAULT	20	000000000005076c	9	-
sched_setscheduler	FUNC	GLOBAL	DEFAULT	20	0000000000050780	9	-
sched_yield	FUNC	GLOBAL	DEFAULT	24	0000000000050794	9	-
secure_getenv	FUNC	GLOBAL	DEFAULT	24	000000000002064c	9	-
seed48	FUNC	GLOBAL	DEFAULT	68	0000000000047b48	9	-
seekdir	FUNC	GLOBAL	DEFAULT	56	000000000001ff9c	9	-
select	FUNC	GLOBAL	DEFAULT	196	00000000000511f8	9	-
sem_close	FUNC	GLOBAL	DEFAULT	140	00000000000639f0	9	-
sem_destroy	FUNC	GLOBAL	DEFAULT	8	0000000000063554	9	-
sem_getvalue	FUNC	GLOBAL	DEFAULT	20	000000000006355c	9	-
sem_init	FUNC	GLOBAL	DEFAULT	64	0000000000063570	9	-
sem_open	FUNC	GLOBAL	DEFAULT	1088	00000000000635b0	9	-
sem_post	FUNC	GLOBAL	DEFAULT	192	0000000000063a7c	9	-
sem_timedwait	FUNC	GLOBAL	DEFAULT	264	0000000000063b50	9	-
sem_trywait	FUNC	GLOBAL	DEFAULT	80	0000000000063c58	9	-
sem_unlink	FUNC	GLOBAL	DEFAULT	4	0000000000063ca8	9	-
sem_wait	FUNC	GLOBAL	DEFAULT	8	0000000000063cac	9	-
semctl	FUNC	GLOBAL	DEFAULT	112	0000000000023750	9	-
semget	FUNC	GLOBAL	DEFAULT	60	00000000000237c0	9	-
semop	FUNC	GLOBAL	DEFAULT	28	00000000000237fc	9	-
semtimedop	FUNC	GLOBAL	DEFAULT	28	0000000000023818	9	-
send	FUNC	GLOBAL	DEFAULT	12	000000000004547c	9	-
sendfile	FUNC	GLOBAL	DEFAULT	20	0000000000024e48	9	-
sendmmsg	FUNC	GLOBAL	DEFAULT	124	0000000000045488	9	-
sendmsg	FUNC	GLOBAL	DEFAULT	276	0000000000045504	9	-
sendto	FUNC	GLOBAL	DEFAULT	44	0000000000045618	9	-
setbuf	FUNC	GLOBAL	DEFAULT	20	000000000005635c	9	-
setbuffer	FUNC	GLOBAL	DEFAULT	20	0000000000056370	9	-
setdomainname	FUNC	GLOBAL	DEFAULT	24	000000000003d370	9	-
setegid	FUNC	GLOBAL	DEFAULT	20	0000000000068578	9	-
setenv	FUNC	GLOBAL	DEFAULT	232	0000000000020700	9	-
seteuid	FUNC	GLOBAL	DEFAULT	20	000000000006858c	9	-
setfsgid	FUNC	GLOBAL	DEFAULT	28	0000000000024e5c	9	-
setfsuid	FUNC	GLOBAL	DEFAULT	28	0000000000024e78	9	-
setgid	FUNC	GLOBAL	DEFAULT	20	00000000000685a0	9	-
setgrent	FUNC	GLOBAL	DEFAULT	32	0000000000045fa4	9	-
setgroups	FUNC	GLOBAL	DEFAULT	48	0000000000024f04	9	-
sethostent	FUNC	GLOBAL	DEFAULT	4	000000000003fca8	9	-
sethostname	FUNC	GLOBAL	DEFAULT	24	0000000000024f34	9	-
setitimer	FUNC	GLOBAL	DEFAULT	28	000000000005153c	9	-
setjmp	FUNC	GLOBAL	DEFAULT	0	00000000000512f8	9	-
setkey	FUNC	GLOBAL	DEFAULT	116	000000000001f18c	9	-
setlinebuf	FUNC	GLOBAL	DEFAULT	16	0000000000056384	9	-
setlocale	FUNC	GLOBAL	DEFAULT	576	0000000000028180	9	-
setlogmask	FUNC	GLOBAL	DEFAULT	64	000000000003d748	9	-
setmntent	FUNC	GLOBAL	DEFAULT	4	000000000003c54c	9	-
setnetent	FUNC	WEAK	DEFAULT	4	000000000003fca8	9	-
setns	FUNC	GLOBAL	DEFAULT	32	0000000000024f4c	9	-
setpgid	FUNC	GLOBAL	DEFAULT	32	00000000000685b4	9	-
setpgrp	FUNC	GLOBAL	DEFAULT	12	00000000000685d4	9	-
setpriority	FUNC	GLOBAL	DEFAULT	36	000000000003d388	9	-
setprotoent	FUNC	GLOBAL	DEFAULT	12	0000000000043df4	9	-
setpwent	FUNC	GLOBAL	DEFAULT	32	0000000000046a30	9	-
setregid	FUNC	GLOBAL	DEFAULT	20	00000000000685e0	9	-
setresgid	FUNC	GLOBAL	DEFAULT	20	00000000000685f4	9	-
setresuid	FUNC	GLOBAL	DEFAULT	20	0000000000068608	9	-
setreuid	FUNC	GLOBAL	DEFAULT	20	000000000006861c	9	-
setrlimit	FUNC	GLOBAL	DEFAULT	136	000000000003d3d4	9	-
setservent	FUNC	GLOBAL	DEFAULT	4	0000000000045648	9	-
setsid	FUNC	GLOBAL	DEFAULT	24	0000000000068630	9	-
setsockopt	FUNC	GLOBAL	DEFAULT	48	0000000000045654	9	-
setspent	FUNC	GLOBAL	DEFAULT	4	0000000000046ccc	9	-
setstate	FUNC	GLOBAL	DEFAULT	132	0000000000047a1c	9	-
settimeofday	FUNC	GLOBAL	DEFAULT	92	0000000000024f6c	9	-
setuid	FUNC	GLOBAL	DEFAULT	20	0000000000068648	9	-
setusershell	FUNC	GLOBAL	DEFAULT	84	00000000000241c8	9	-
setutent	FUNC	WEAK	DEFAULT	4	00000000000243a8	9	-
setutxent	FUNC	GLOBAL	DEFAULT	4	00000000000243a8	9	-
setvbuf	FUNC	GLOBAL	DEFAULT	112	0000000000056394	9	-
setxattr	FUNC	GLOBAL	DEFAULT	28	000000000002533c	9	-
shm_open	FUNC	GLOBAL	DEFAULT	108	000000000003e254	9	-
shm_unlink	FUNC	GLOBAL	DEFAULT	44	000000000003e2c0	9	-
shmat	FUNC	GLOBAL	DEFAULT	20	0000000000023834	9	-
shmctl	FUNC	GLOBAL	DEFAULT	36	0000000000023848	9	-
shmdt	FUNC	GLOBAL	DEFAULT	24	000000000002386c	9	-
shmget	FUNC	GLOBAL	DEFAULT	40	0000000000023884	9	-
shutdown	FUNC	GLOBAL	DEFAULT	48	0000000000045684	9	-
sigaction	FUNC	WEAK	DEFAULT	152	0000000000051704	9	-
sigaddset	FUNC	GLOBAL	DEFAULT	80	000000000005179c	9	-
sigaltstack	FUNC	GLOBAL	DEFAULT	112	00000000000517ec	9	-
sigandset	FUNC	GLOBAL	DEFAULT	24	000000000005185c	9	-
sigdelset	FUNC	GLOBAL	DEFAULT	80	0000000000051874	9	-
sigemptyset	FUNC	GLOBAL	DEFAULT	12	00000000000518c4	9	-
sigfillset	FUNC	GLOBAL	DEFAULT	16	00000000000518d0	9	-
sighold	FUNC	GLOBAL	DEFAULT	64	00000000000518e0	9	-
sigignore	FUNC	GLOBAL	DEFAULT	52	0000000000051920	9	-
siginterrupt	FUNC	GLOBAL	DEFAULT	80	0000000000051954	9	-
sigisemptyset	FUNC	GLOBAL	DEFAULT	16	00000000000519a4	9	-
sigismember	FUNC	GLOBAL	DEFAULT	36	00000000000519b4	9	-
siglongjmp	FUNC	GLOBAL	DEFAULT	8	00000000000519d8	9	-
signal	FUNC	GLOBAL	DEFAULT	80	00000000000519e0	9	-
signalfd	FUNC	GLOBAL	DEFAULT	40	0000000000024fc8	9	-
signgam	OBJECT	WEAK	DEFAULT	4	00000000000c2ea4	17	-
significand	FUNC	GLOBAL	DEFAULT	28	00000000000396c0	9	-
significandf	FUNC	GLOBAL	DEFAULT	28	00000000000396dc	9	-
sigorset	FUNC	GLOBAL	DEFAULT	24	0000000000051a30	9	-
sigpause	FUNC	GLOBAL	DEFAULT	72	0000000000051a48	9	-
sigpending	FUNC	GLOBAL	DEFAULT	28	0000000000051a90	9	-
sigprocmask	FUNC	GLOBAL	DEFAULT	52	0000000000051aac	9	-
sigqueue	FUNC	GLOBAL	DEFAULT	136	0000000000051ae0	9	-
sigrelse	FUNC	GLOBAL	DEFAULT	64	0000000000051b68	9	-
sigset	FUNC	GLOBAL	DEFAULT	208	0000000000051bb8	9	-
sigsetjmp	FUNC	GLOBAL	DEFAULT	0	0000000000051338	9	-
sigsuspend	FUNC	GLOBAL	DEFAULT	48	0000000000051cb8	9	-
sigtimedwait	FUNC	GLOBAL	DEFAULT	80	0000000000051ce8	9	-
sigwait	FUNC	GLOBAL	DEFAULT	52	0000000000051d38	9	-
sigwaitinfo	FUNC	GLOBAL	DEFAULT	8	0000000000051d6c	9	-
sin	FUNC	GLOBAL	DEFAULT	212	00000000000396f8	9	-
sincos	FUNC	GLOBAL	DEFAULT	348	00000000000397cc	9	-
sincosf	FUNC	GLOBAL	DEFAULT	676	0000000000039928	9	-
sincosl	FUNC	GLOBAL	DEFAULT	368	0000000000039bcc	9	-
sinf	FUNC	GLOBAL	DEFAULT	416	0000000000039d3c	9	-
sinh	FUNC	GLOBAL	DEFAULT	188	0000000000039edc	9	-
sinhf	FUNC	GLOBAL	DEFAULT	180	0000000000039f98	9	-
sinhl	FUNC	GLOBAL	DEFAULT	24	000000000003a04c	9	-
sinl	FUNC	GLOBAL	DEFAULT	284	000000000003a064	9	-
sleep	FUNC	GLOBAL	DEFAULT	44	0000000000068710	9	-
snprintf	FUNC	GLOBAL	DEFAULT	104	0000000000056404	9	-
sockatmark	FUNC	GLOBAL	DEFAULT	40	00000000000456b4	9	-
socket	FUNC	GLOBAL	DEFAULT	184	00000000000456dc	9	-
socketpair	FUNC	GLOBAL	DEFAULT	252	0000000000045794	9	-
splice	FUNC	GLOBAL	DEFAULT	24	0000000000024ff0	9	-
sprintf	FUNC	GLOBAL	DEFAULT	104	000000000005646c	9	-
sqrt	FUNC	GLOBAL	DEFAULT	8	000000000002ce84	9	-
sqrtf	FUNC	GLOBAL	DEFAULT	8	000000000002ce8c	9	-
sqrtl	FUNC	GLOBAL	DEFAULT	960	000000000003a180	9	-
srand	FUNC	GLOBAL	DEFAULT	16	00000000000477f0	9	-
srand48	FUNC	GLOBAL	DEFAULT	32	0000000000047b8c	9	-
srandom	FUNC	GLOBAL	DEFAULT	48	00000000000478ec	9	-
sscanf	FUNC	GLOBAL	DEFAULT	104	00000000000564d4	9	-
stat	FUNC	GLOBAL	DEFAULT	20	0000000000052284	9	-
statfs	FUNC	WEAK	DEFAULT	48	0000000000052298	9	-
statvfs	FUNC	GLOBAL	DEFAULT	152	00000000000522fc	9	-
statx	FUNC	GLOBAL	DEFAULT	312	0000000000025008	9	-
stderr	OBJECT	GLOBAL	DEFAULT	8	00000000000bfd78	13	-
stdin	OBJECT	GLOBAL	DEFAULT	8	00000000000bfd80	13	-
stdout	OBJECT	GLOBAL	DEFAULT	8	00000000000bfd88	13	-
stime	FUNC	GLOBAL	DEFAULT	32	0000000000025140	9	-
stpcpy	FUNC	WEAK	DEFAULT	112	000000000005daec	9	-
stpncpy	FUNC	WEAK	DEFAULT	208	000000000005db5c	9	-
strcasecmp	FUNC	GLOBAL	DEFAULT	120	000000000005dc2c	9	-
strcasecmp_l	FUNC	WEAK	DEFAULT	4	000000000005dca4	9	-
strcasestr	FUNC	GLOBAL	DEFAULT	92	000000000005dca8	9	-
strcat	FUNC	GLOBAL	DEFAULT	40	000000000005dd04	9	-
strchr	FUNC	GLOBAL	DEFAULT	32	000000000005dd2c	9	-
strchrnul	FUNC	WEAK	DEFAULT	172	000000000005dd4c	9	-
strcmp	FUNC	GLOBAL	DEFAULT	40	000000000005ddf8	9	-
strcoll	FUNC	GLOBAL	DEFAULT	12	00000000000283c4	9	-
strcoll_l	FUNC	WEAK	DEFAULT	4	00000000000283c0	9	-
strcpy	FUNC	GLOBAL	DEFAULT	24	000000000005de20	9	-
strcspn	FUNC	GLOBAL	DEFAULT	172	000000000005de38	9	-
strdup	FUNC	GLOBAL	DEFAULT	64	000000000005dee4	9	-
strerror	FUNC	GLOBAL	DEFAULT	12	00000000000208ec	9	-
strerror_l	FUNC	WEAK	DEFAULT	52	00000000000208b8	9	-
strerror_r	FUNC	GLOBAL	DEFAULT	116	000000000005df24	9	-
strfmon	FUNC	GLOBAL	DEFAULT	104	0000000000028644	9	-
strfmon_l	FUNC	GLOBAL	DEFAULT	96	00000000000285e4	9	-
strftime	FUNC	GLOBAL	DEFAULT	12	00000000000667f0	9	-
strftime_l	FUNC	WEAK	DEFAULT	892	0000000000065ee0	9	-
strlcat	FUNC	GLOBAL	DEFAULT	96	000000000005df98	9	-
strlcpy	FUNC	GLOBAL	DEFAULT	216	000000000005dff8	9	-
strlen	FUNC	GLOBAL	DEFAULT	92	000000000005e0d0	9	-
strncasecmp	FUNC	GLOBAL	DEFAULT	160	000000000005e12c	9	-
strncasecmp_l	FUNC	WEAK	DEFAULT	4	000000000005e1cc	9	-
strncat	FUNC	GLOBAL	DEFAULT	84	000000000005e1d0	9	-
strncmp	FUNC	GLOBAL	DEFAULT	60	000000000005e224	9	-
strncpy	FUNC	GLOBAL	DEFAULT	24	000000000005e260	9	-
strndup	FUNC	GLOBAL	DEFAULT	68	000000000005e278	9	-
strnlen	FUNC	GLOBAL	DEFAULT	48	000000000005e2bc	9	-
strpbrk	FUNC	GLOBAL	DEFAULT	36	000000000005e2ec	9	-
strptime	FUNC	GLOBAL	DEFAULT	2116	00000000000667fc	9	-
strrchr	FUNC	GLOBAL	DEFAULT	36	000000000005e310	9	-
strsep	FUNC	GLOBAL	DEFAULT	72	000000000005e334	9	-
strsignal	FUNC	GLOBAL	DEFAULT	60	000000000005e37c	9	-
strspn	FUNC	GLOBAL	DEFAULT	172	000000000005e3b8	9	-
strstr	FUNC	GLOBAL	DEFAULT	308	000000000005e754	9	-
strtod	FUNC	GLOBAL	DEFAULT	24	000000000005cd68	9	-
strtod_l	FUNC	GLOBAL	DEFAULT	4	00000000000286b0	9	-
strtof	FUNC	GLOBAL	DEFAULT	24	000000000005cd50	9	-
strtof_l	FUNC	GLOBAL	DEFAULT	4	00000000000286ac	9	-
strtoimax	FUNC	GLOBAL	DEFAULT	4	000000000005cf60	9	-
strtok	FUNC	GLOBAL	DEFAULT	136	000000000005e888	9	-
strtok_r	FUNC	GLOBAL	DEFAULT	128	000000000005e910	9	-
strtol	FUNC	GLOBAL	DEFAULT	116	000000000005ceec	9	-
strtold	FUNC	GLOBAL	DEFAULT	8	000000000005cd80	9	-
strtold_l	FUNC	GLOBAL	DEFAULT	4	00000000000286b4	9	-
strtoll	FUNC	GLOBAL	DEFAULT	116	000000000005ce00	9	-
strtoul	FUNC	GLOBAL	DEFAULT	120	000000000005ce74	9	-
strtoull	FUNC	GLOBAL	DEFAULT	120	000000000005cd88	9	-
strtoumax	FUNC	GLOBAL	DEFAULT	4	000000000005cf64	9	-
strverscmp	FUNC	GLOBAL	DEFAULT	244	000000000005e990	9	-
strxfrm	FUNC	GLOBAL	DEFAULT	12	000000000002870c	9	-
strxfrm_l	FUNC	WEAK	DEFAULT	84	00000000000286b8	9	-
swab	FUNC	GLOBAL	DEFAULT	44	000000000005ea84	9	-
swapoff	FUNC	GLOBAL	DEFAULT	24	000000000002517c	9	-
swapon	FUNC	GLOBAL	DEFAULT	28	0000000000025160	9	-
swprintf	FUNC	GLOBAL	DEFAULT	104	000000000005653c	9	-
swscanf	FUNC	GLOBAL	DEFAULT	104	00000000000565a4	9	-
symlink	FUNC	GLOBAL	DEFAULT	32	000000000006873c	9	-
symlinkat	FUNC	GLOBAL	DEFAULT	28	000000000006875c	9	-
sync	FUNC	GLOBAL	DEFAULT	12	0000000000068778	9	-
sync_file_range	FUNC	GLOBAL	DEFAULT	32	0000000000025194	9	-
syncfs	FUNC	GLOBAL	DEFAULT	28	00000000000251b4	9	-
syscall	FUNC	GLOBAL	DEFAULT	88	000000000003d45c	9	-
sysconf	FUNC	GLOBAL	DEFAULT	540	000000000001c090	9	-
sysinfo	FUNC	WEAK	DEFAULT	24	00000000000251d0	9	-
syslog	FUNC	GLOBAL	DEFAULT	104	000000000003d960	9	-
system	FUNC	GLOBAL	DEFAULT	480	0000000000048ecc	9	-
tan	FUNC	GLOBAL	DEFAULT	152	000000000003a540	9	-
tanf	FUNC	GLOBAL	DEFAULT	344	000000000003a5d8	9	-
tanh	FUNC	GLOBAL	DEFAULT	212	000000000003a730	9	-
tanhf	FUNC	GLOBAL	DEFAULT	204	000000000003a804	9	-
tanhl	FUNC	GLOBAL	DEFAULT	24	000000000003a8d0	9	-
tanl	FUNC	GLOBAL	DEFAULT	200	000000000003a8e8	9	-
tcdrain	FUNC	GLOBAL	DEFAULT	48	000000000005f6b0	9	-
tcflow	FUNC	GLOBAL	DEFAULT	12	000000000005f6e0	9	-
tcflush	FUNC	GLOBAL	DEFAULT	12	000000000005f6ec	9	-
tcgetattr	FUNC	GLOBAL	DEFAULT	32	000000000005f6f8	9	-
tcgetpgrp	FUNC	GLOBAL	DEFAULT	40	0000000000068784	9	-
tcgetsid	FUNC	GLOBAL	DEFAULT	40	000000000005f718	9	-
tcgetwinsize	FUNC	GLOBAL	DEFAULT	36	000000000005f740	9	-
tcsendbreak	FUNC	GLOBAL	DEFAULT	12	000000000005f764	9	-
tcsetattr	FUNC	GLOBAL	DEFAULT	48	000000000005f770	9	-
tcsetpgrp	FUNC	GLOBAL	DEFAULT	28	00000000000687ac	9	-
tcsetwinsize	FUNC	GLOBAL	DEFAULT	36	000000000005f7a0	9	-
tdelete	FUNC	GLOBAL	DEFAULT	312	0000000000050c8c	9	-
tdestroy	FUNC	GLOBAL	DEFAULT	72	0000000000050dc4	9	-
tee	FUNC	GLOBAL	DEFAULT	24	00000000000251e8	9	-
telldir	FUNC	GLOBAL	DEFAULT	8	000000000001ffd4	9	-
tempnam	FUNC	GLOBAL	DEFAULT	280	000000000005660c	9	-
textdomain	FUNC	GLOBAL	DEFAULT	128	0000000000028734	9	-
tfind	FUNC	GLOBAL	DEFAULT	92	0000000000050e0c	9	-
tgamma	FUNC	GLOBAL	DEFAULT	900	000000000003a9b0	9	-
tgammaf	FUNC	GLOBAL	DEFAULT	24	000000000003ad34	9	-
tgammal	FUNC	GLOBAL	DEFAULT	24	000000000003ad4c	9	-
thrd_create	FUNC	GLOBAL	DEFAULT	44	0000000000063f94	9	-
thrd_current	FUNC	WEAK	DEFAULT	12	00000000000630f8	9	-
thrd_detach	FUNC	WEAK	DEFAULT	96	0000000000061db0	9	-
thrd_equal	FUNC	WEAK	DEFAULT	12	0000000000061e10	9	-
thrd_exit	FUNC	GLOBAL	DEFAULT	12	0000000000063fc0	9	-
thrd_join	FUNC	GLOBAL	DEFAULT	40	0000000000063fcc	9	-
thrd_sleep	FUNC	GLOBAL	DEFAULT	60	0000000000063ff4	9	-
thrd_yield	FUNC	GLOBAL	DEFAULT	12	0000000000064030	9	-
time	FUNC	GLOBAL	DEFAULT	40	0000000000067040	9	-
timegm	FUNC	GLOBAL	DEFAULT	108	0000000000067068	9	-
timer_create	FUNC	GLOBAL	DEFAULT	672	0000000000067224	9	-
timer_delete	FUNC	GLOBAL	DEFAULT	64	00000000000674c4	9	-
timer_getoverrun	FUNC	GLOBAL	DEFAULT	44	0000000000067504	9	-
timer_gettime	FUNC	GLOBAL	DEFAULT	44	0000000000067530	9	-
timer_settime	FUNC	GLOBAL	DEFAULT	48	000000000006755c	9	-
timerfd_create	FUNC	GLOBAL	DEFAULT	32	0000000000025200	9	-
timerfd_gettime	FUNC	GLOBAL	DEFAULT	28	0000000000025240	9	-
timerfd_settime	FUNC	GLOBAL	DEFAULT	32	0000000000025220	9	-
times	FUNC	GLOBAL	DEFAULT	12	000000000006758c	9	-
timespec_get	FUNC	GLOBAL	DEFAULT	48	0000000000067598	9	-
timezone	OBJECT	WEAK	DEFAULT	8	00000000000c26f0	17	-
tmpfile	FUNC	GLOBAL	DEFAULT	180	0000000000056724	9	-
tmpnam	FUNC	GLOBAL	DEFAULT	144	00000000000567d8	9	-
toascii	FUNC	GLOBAL	DEFAULT	8	000000000001f850	9	-
tolower	FUNC	GLOBAL	DEFAULT	20	000000000001f858	9	-
tolower_l	FUNC	WEAK	DEFAULT	4	000000000001f86c	9	-
toupper	FUNC	GLOBAL	DEFAULT	24	000000000001f870	9	-
toupper_l	FUNC	WEAK	DEFAULT	4	000000000001f888	9	-
towctrans	FUNC	GLOBAL	DEFAULT	28	000000000001fa6c	9	-
towctrans_l	FUNC	WEAK	DEFAULT	4	000000000001fa8c	9	-
towlower	FUNC	GLOBAL	DEFAULT	8	000000000001f9b8	9	-
towlower_l	FUNC	WEAK	DEFAULT	4	000000000001f9cc	9	-
towupper	FUNC	GLOBAL	DEFAULT	8	000000000001f9c0	9	-
towupper_l	FUNC	WEAK	DEFAULT	4	000000000001f9c8	9	-
trunc	FUNC	GLOBAL	DEFAULT	8	000000000002ce94	9	-
truncate	FUNC	GLOBAL	DEFAULT	24	00000000000687c8	9	-
truncf	FUNC	GLOBAL	DEFAULT	8	000000000002ce9c	9	-
truncl	FUNC	GLOBAL	DEFAULT	332	000000000003ad64	9	-
tsearch	FUNC	GLOBAL	DEFAULT	240	0000000000050f78	9	-
tss_create	FUNC	GLOBAL	DEFAULT	28	000000000006403c	9	-
tss_delete	FUNC	GLOBAL	DEFAULT	4	0000000000064058	9	-
tss_get	FUNC	WEAK	DEFAULT	16	0000000000062090	9	-
tss_set	FUNC	GLOBAL	DEFAULT	52	000000000006405c	9	-
ttyname	FUNC	GLOBAL	DEFAULT	60	00000000000687e0	9	-
ttyname_r	FUNC	GLOBAL	DEFAULT	180	000000000006881c	9	-
twalk	FUNC	GLOBAL	DEFAULT	8	00000000000510f4	9	-
tzname	OBJECT	WEAK	DEFAULT	16	00000000000c26e0	17	-
tzset	FUNC	WEAK	DEFAULT	32	0000000000065418	9	-
ualarm	FUNC	GLOBAL	DEFAULT	64	00000000000688d0	9	-
ulckpwdf	FUNC	GLOBAL	DEFAULT	8	00000000000472a8	9	-
ulimit	FUNC	GLOBAL	DEFAULT	116	0000000000024330	9	-
umask	FUNC	GLOBAL	DEFAULT	28	0000000000052430	9	-
umount	FUNC	GLOBAL	DEFAULT	28	0000000000024b20	9	-
umount2	FUNC	GLOBAL	DEFAULT	28	0000000000024b3c	9	-
uname	FUNC	GLOBAL	DEFAULT	24	000000000003d9c8	9	-
ungetc	FUNC	GLOBAL	DEFAULT	244	0000000000056868	9	-
ungetwc	FUNC	GLOBAL	DEFAULT	312	000000000005695c	9	-
unlink	FUNC	GLOBAL	DEFAULT	36	0000000000068910	9	-
unlinkat	FUNC	GLOBAL	DEFAULT	32	0000000000068934	9	-
unlockpt	FUNC	GLOBAL	DEFAULT	32	000000000003ce4c	9	-
unsetenv	FUNC	GLOBAL	DEFAULT	196	00000000000207e8	9	-
unshare	FUNC	GLOBAL	DEFAULT	28	000000000002525c	9	-
updwtmp	FUNC	WEAK	DEFAULT	4	00000000000243cc	9	-
updwtmpx	FUNC	GLOBAL	DEFAULT	4	00000000000243cc	9	-
uselocale	FUNC	WEAK	DEFAULT	56	00000000000287d4	9	-
usleep	FUNC	GLOBAL	DEFAULT	76	0000000000068954	9	-
utime	FUNC	GLOBAL	DEFAULT	60	00000000000675c8	9	-
utimensat	FUNC	GLOBAL	DEFAULT	88	000000000005244c	9	-
utimes	FUNC	GLOBAL	DEFAULT	16	0000000000025278	9	-
utmpname	FUNC	WEAK	DEFAULT	28	00000000000243d0	9	-
utmpxname	FUNC	WEAK	DEFAULT	28	00000000000243d0	9	-
valloc	FUNC	GLOBAL	DEFAULT	16	00000000000243ec	9	-
vasprintf	FUNC	GLOBAL	DEFAULT	128	0000000000056a94	9	-
vdprintf	FUNC	GLOBAL	DEFAULT	112	0000000000056b14	9	-
verr	FUNC	GLOBAL	DEFAULT	40	0000000000023d58	9	-
verrx	FUNC	GLOBAL	DEFAULT	40	0000000000023d80	9	-
versionsort	FUNC	GLOBAL	DEFAULT	20	000000000001ffdc	9	-
vfork	FUNC	GLOBAL	DEFAULT	0	0000000000047c7c	9	-
vfprintf	FUNC	GLOBAL	DEFAULT	384	0000000000058f10	9	-
vfscanf	FUNC	GLOBAL	DEFAULT	3464	00000000000591a0	9	-
vfwprintf	FUNC	GLOBAL	DEFAULT	300	000000000005ac08	9	-
vfwscanf	FUNC	GLOBAL	DEFAULT	3436	000000000005ae44	9	-
vhangup	FUNC	GLOBAL	DEFAULT	24	0000000000025288	9	-
vmsplice	FUNC	GLOBAL	DEFAULT	20	00000000000252a0	9	-
vprintf	FUNC	GLOBAL	DEFAULT	44	000000000005bbb0	9	-
vscanf	FUNC	GLOBAL	DEFAULT	44	000000000005bbdc	9	-
vsnprintf	FUNC	GLOBAL	DEFAULT	152	000000000005bcb4	9	-
vsprintf	FUNC	GLOBAL	DEFAULT	40	000000000005bd4c	9	-
vsscanf	FUNC	GLOBAL	DEFAULT	112	000000000005bdf4	9	-
vswprintf	FUNC	GLOBAL	DEFAULT	208	000000000005bf38	9	-
vswscanf	FUNC	GLOBAL	DEFAULT	124	000000000005c098	9	-
vsyslog	FUNC	WEAK	DEFAULT	160	000000000003d8c0	9	-
vwarn	FUNC	GLOBAL	DEFAULT	112	0000000000023c7c	9	-
vwarnx	FUNC	GLOBAL	DEFAULT	108	0000000000023cec	9	-
vwprintf	FUNC	GLOBAL	DEFAULT	44	000000000005c114	9	-
vwscanf	FUNC	GLOBAL	DEFAULT	44	000000000005c140	9	-
wait	FUNC	GLOBAL	DEFAULT	16	00000000000490ac	9	-
wait3	FUNC	GLOBAL	DEFAULT	20	00000000000252b4	9	-
wait4	FUNC	GLOBAL	DEFAULT	36	00000000000252c8	9	-
waitid	FUNC	GLOBAL	DEFAULT	48	00000000000490bc	9	-
waitpid	FUNC	GLOBAL	DEFAULT	48	00000000000490ec	9	-
warn	FUNC	GLOBAL	DEFAULT	108	0000000000023da8	9	-
warnx	FUNC	GLOBAL	DEFAULT	108	0000000000023e14	9	-
wcpcpy	FUNC	GLOBAL	DEFAULT	44	000000000005eab0	9	-
wcpncpy	FUNC	GLOBAL	DEFAULT	52	000000000005eadc	9	-
wcrtomb	FUNC	GLOBAL	DEFAULT	276	000000000003f04c	9	-
wcscasecmp	FUNC	GLOBAL	DEFAULT	8	000000000005eb10	9	-
wcscasecmp_l	FUNC	GLOBAL	DEFAULT	4	000000000005eb18	9	-
wcscat	FUNC	GLOBAL	DEFAULT	40	000000000005eb1c	9	-
wcschr	FUNC	GLOBAL	DEFAULT	72	000000000005eb44	9	-
wcscmp	FUNC	GLOBAL	DEFAULT	44	000000000005eb8c	9	-
wcscoll	FUNC	GLOBAL	DEFAULT	12	0000000000028810	9	-
wcscoll_l	FUNC	WEAK	DEFAULT	4	000000000002880c	9	-
wcscpy	FUNC	GLOBAL	DEFAULT	24	000000000005ebb8	9	-
wcscspn	FUNC	GLOBAL	DEFAULT	124	000000000005ebd0	9	-
wcsdup	FUNC	GLOBAL	DEFAULT	64	000000000005ec4c	9	-
wcsftime	FUNC	GLOBAL	DEFAULT	12	000000000006787c	9	-
wcsftime_l	FUNC	WEAK	DEFAULT	632	0000000000067604	9	-
wcslen	FUNC	GLOBAL	DEFAULT	32	000000000005ec8c	9	-
wcsncasecmp	FUNC	GLOBAL	DEFAULT	156	000000000005ecac	9	-
wcsncasecmp_l	FUNC	GLOBAL	DEFAULT	4	000000000005ed48	9	-
wcsncat	FUNC	GLOBAL	DEFAULT	76	000000000005ed4c	9	-
wcsncmp	FUNC	GLOBAL	DEFAULT	60	000000000005ed98	9	-
wcsncpy	FUNC	GLOBAL	DEFAULT	56	000000000005edd4	9	-
wcsnlen	FUNC	GLOBAL	DEFAULT	52	000000000005ee0c	9	-
wcsnrtombs	FUNC	GLOBAL	DEFAULT	216	000000000003f160	9	-
wcspbrk	FUNC	GLOBAL	DEFAULT	36	000000000005ee40	9	-
wcsrchr	FUNC	GLOBAL	DEFAULT	68	000000000005ee64	9	-
wcsrtombs	FUNC	GLOBAL	DEFAULT	344	000000000003f238	9	-
wcsspn	FUNC	GLOBAL	DEFAULT	68	000000000005eea8	9	-
wcsstr	FUNC	GLOBAL	DEFAULT	660	000000000005eeec	9	-
wcstod	FUNC	GLOBAL	DEFAULT	24	000000000005d0e4	9	-
wcstof	FUNC	GLOBAL	DEFAULT	24	000000000005d0cc	9	-
wcstoimax	FUNC	GLOBAL	DEFAULT	4	000000000005d298	9	-
wcstok	FUNC	GLOBAL	DEFAULT	132	000000000005f180	9	-
wcstol	FUNC	GLOBAL	DEFAULT	8	000000000005d290	9	-
wcstold	FUNC	GLOBAL	DEFAULT	8	000000000005d0fc	9	-
wcstoll	FUNC	GLOBAL	DEFAULT	8	000000000005d280	9	-
wcstombs	FUNC	GLOBAL	DEFAULT	28	000000000003f390	9	-
wcstoul	FUNC	GLOBAL	DEFAULT	8	000000000005d288	9	-
wcstoull	FUNC	GLOBAL	DEFAULT	8	000000000005d278	9	-
wcstoumax	FUNC	GLOBAL	DEFAULT	4	000000000005d29c	9	-
wcswcs	FUNC	GLOBAL	DEFAULT	4	000000000005f204	9	-
wcswidth	FUNC	GLOBAL	DEFAULT	88	000000000001f9d0	9	-
wcsxfrm	FUNC	GLOBAL	DEFAULT	12	0000000000028884	9	-
wcsxfrm_l	FUNC	WEAK	DEFAULT	104	000000000002881c	9	-
wctob	FUNC	GLOBAL	DEFAULT	56	000000000003f3ac	9	-
wctomb	FUNC	GLOBAL	DEFAULT	32	000000000003f3e4	9	-
wctrans	FUNC	GLOBAL	DEFAULT	68	000000000001fa28	9	-
wctrans_l	FUNC	WEAK	DEFAULT	4	000000000001fa88	9	-
wctype	FUNC	GLOBAL	DEFAULT	96	000000000001f610	9	-
wctype_l	FUNC	WEAK	DEFAULT	4	000000000001f674	9	-
wcwidth	FUNC	GLOBAL	DEFAULT	236	000000000001fa90	9	-
wmemchr	FUNC	GLOBAL	DEFAULT	40	000000000005f208	9	-
wmemcmp	FUNC	GLOBAL	DEFAULT	52	000000000005f230	9	-
wmemcpy	FUNC	GLOBAL	DEFAULT	32	000000000005f264	9	-
wmemmove	FUNC	GLOBAL	DEFAULT	72	000000000005f284	9	-
wmemset	FUNC	GLOBAL	DEFAULT	28	000000000005f2cc	9	-
wordexp	FUNC	GLOBAL	DEFAULT	1240	000000000003da34	9	-
wordfree	FUNC	GLOBAL	DEFAULT	84	000000000003d9e0	9	-
wprintf	FUNC	GLOBAL	DEFAULT	108	000000000005c16c	9	-
write	FUNC	GLOBAL	DEFAULT	44	00000000000689a0	9	-
writev	FUNC	GLOBAL	DEFAULT	44	00000000000689cc	9	-
wscanf	FUNC	GLOBAL	DEFAULT	108	000000000005c1d8	9	-
y0	FUNC	GLOBAL	DEFAULT	380	000000000003344c	9	-
y0f	FUNC	GLOBAL	DEFAULT	436	0000000000033d54	9	-
y1	FUNC	GLOBAL	DEFAULT	368	0000000000034514	9	-
y1f	FUNC	GLOBAL	DEFAULT	416	0000000000034e14	9	-
yn	FUNC	GLOBAL	DEFAULT	528	0000000000035398	9	-
ynf	FUNC	GLOBAL	DEFAULT	256	00000000000358a4	9	-
