name	archive_member	nm_type	binding	value	size
_Exit	_Exit.lo	T	GLOBAL	0	20
_Fork	_Fork.lo	T	GLOBAL	0	48
_IO_feof_unlocked	feof.lo	W	WEAK	0	48
_IO_ferror_unlocked	ferror.lo	W	WEAK	0	48
_IO_getc	getc.lo	W	WEAK	0	44
_IO_getc_unlocked	getc_unlocked.lo	W	WEAK	0	24
_IO_putc	putc.lo	W	WEAK	0	64
_IO_putc_unlocked	putc_unlocked.lo	W	WEAK	0	40
___environ	__environ.lo	V	WEAK	0	8
___errno_location	__errno_location.lo	W	WEAK	0	c
__abort_lock	abort_lock.lo	B	GLOBAL	0	4
__acquire_ptc	lock_ptc.lo	T	GLOBAL	0	c
__acquire_ptc	pthread_create.lo	W	WEAK	0	4
__aio_atfork	_Fork.lo	W	WEAK	0	4
__aio_atfork	aio.lo	T	GLOBAL	0	e8
__aio_atfork	fork.lo	W	WEAK	0	4
__aio_close	__stdio_close.lo	W	WEAK	0	4
__aio_close	aio.lo	T	GLOBAL	0	34
__aio_close	close.lo	W	WEAK	0	4
__aio_fut	aio.lo	B	GLOBAL	0	4
__aligned_alloc_replaced	replaced.lo	B	GLOBAL	0	4
__asctime_r	asctime_r.lo	T	GLOBAL	0	a4
__assert_fail	assert.lo	T	GLOBAL	0	2c
__at_quick_exit_lockptr	at_quick_exit.lo	D	GLOBAL	0	8
__at_quick_exit_lockptr	fork.lo	V	WEAK	0	8
__atexit_lockptr	atexit.lo	D	GLOBAL	0	8
__atexit_lockptr	fork.lo	V	WEAK	0	8
__block_all_sigs	block.lo	T	GLOBAL	0	20
__block_app_sigs	block.lo	T	GLOBAL	0	20
__bump_lockptr	fork.lo	V	WEAK	0	8
__bump_lockptr	lite_malloc.lo	D	GLOBAL	0	8
__c_dot_utf8	c_locale.lo	D	GLOBAL	0	30
__c_dot_utf8_locale	c_locale.lo	D	GLOBAL	0	30
__c_locale	c_locale.lo	R	GLOBAL	0	30
__cancel	pthread_cancel.lo	T	GLOBAL	0	3c
__clock_gettime	clock_gettime.lo	T	GLOBAL	0	98
__clock_nanosleep	clock_nanosleep.lo	T	GLOBAL	0	6c
__clone	clone.lo	T	GLOBAL	0	-
__convert_scm_timestamps	recvmsg.lo	T	GLOBAL	0	4
__copy_tls	__init_tls.lo	T	GLOBAL	0	a4
__cos	__cos.lo	T	GLOBAL	0	98
__cosdf	__cosdf.lo	T	GLOBAL	0	58
__cosl	__cosl.lo	T	GLOBAL	0	1a8
__cp_begin	syscall_cp.lo	T	GLOBAL	0	-
__cp_cancel	syscall_cp.lo	T	GLOBAL	2c	-
__cp_end	syscall_cp.lo	T	GLOBAL	28	-
__crypt_blowfish	crypt_blowfish.lo	T	GLOBAL	0	1a8
__crypt_des	crypt_des.lo	T	GLOBAL	0	a8
__crypt_md5	crypt_md5.lo	T	GLOBAL	0	6c
__crypt_r	crypt_r.lo	T	GLOBAL	0	8c
__crypt_sha256	crypt_sha256.lo	T	GLOBAL	0	6c
__crypt_sha512	crypt_sha512.lo	T	GLOBAL	0	6c
__ctype_b_loc	__ctype_b_loc.lo	T	GLOBAL	0	c
__ctype_get_mb_cur_max	__ctype_get_mb_cur_max.lo	T	GLOBAL	0	1c
__ctype_tolower_loc	__ctype_tolower_loc.lo	T	GLOBAL	0	c
__ctype_toupper_loc	__ctype_toupper_loc.lo	T	GLOBAL	0	c
__cxa_atexit	atexit.lo	T	GLOBAL	0	c8
__cxa_finalize	atexit.lo	T	GLOBAL	0	4
__daylight	__tz.lo	B	GLOBAL	0	4
__default_guardsize	default_attr.lo	D	GLOBAL	0	4
__default_stacksize	default_attr.lo	D	GLOBAL	0	4
__des_setkey	crypt_des.lo	T	GLOBAL	0	1a8
__dl_invalid_handle	dlerror.lo	W	WEAK	0	20
__dl_seterr	dlerror.lo	T	GLOBAL	0	6c
__dl_thread_cleanup	dlerror.lo	T	GLOBAL	0	50
__dl_thread_cleanup	pthread_create.lo	W	WEAK	0	4
__dl_vseterr	dlerror.lo	T	GLOBAL	0	10c
__dlsym	__dlsym.lo	W	WEAK	0	1c
__dn_expand	dn_expand.lo	T	GLOBAL	0	10c
__dns_parse	dns_parse.lo	T	GLOBAL	0	17c
__do_cleanup_pop	pthread_cleanup_push.lo	W	WEAK	0	4
__do_cleanup_pop	pthread_create.lo	T	GLOBAL	0	10
__do_cleanup_push	pthread_cleanup_push.lo	W	WEAK	0	4
__do_cleanup_push	pthread_create.lo	T	GLOBAL	0	14
__do_des	crypt_des.lo	T	GLOBAL	0	234
__do_orphaned_stdio_locks	ftrylockfile.lo	T	GLOBAL	0	28
__do_orphaned_stdio_locks	pthread_create.lo	W	WEAK	0	4
__dup3	dup3.lo	T	GLOBAL	0	34
__duplocale	duplocale.lo	T	GLOBAL	0	3c
__eintr_valid_flag	__timedwait.lo	V	WEAK	0	4
__eintr_valid_flag	sigaction.lo	B	GLOBAL	0	4
__env_rm_add	clearenv.lo	W	WEAK	0	4
__env_rm_add	putenv.lo	W	WEAK	0	4
__env_rm_add	setenv.lo	T	GLOBAL	0	9c
__env_rm_add	unsetenv.lo	W	WEAK	0	4
__environ	__environ.lo	B	GLOBAL	0	8
__errno_location	__errno_location.lo	T	GLOBAL	0	c
__execvpe	execvp.lo	T	GLOBAL	0	1c8
__exp2f_data	exp2f_data.lo	R	GLOBAL	0	148
__exp_data	exp_data.lo	R	GLOBAL	0	870
__expo2	__expo2.lo	T	GLOBAL	0	38
__expo2f	__expo2f.lo	T	GLOBAL	0	38
__fbufsize	ext.lo	T	GLOBAL	0	8
__fclose_ca	__fclose_ca.lo	T	GLOBAL	0	c
__fdopen	__fdopen.lo	T	GLOBAL	0	17c
__fesetround	fenv.lo	T	GLOBAL	c	-
__fgetwc_unlocked	fgetwc.lo	T	GLOBAL	0	148
__flbf	ext.lo	T	GLOBAL	0	10
__floatscan	floatscan.lo	T	GLOBAL	0	c74
__flt_rounds	__flt_rounds.lo	T	GLOBAL	0	48
__fmodeflags	__fmodeflags.lo	T	GLOBAL	0	a0
__fopen_rb_ca	__fopen_rb_ca.lo	T	GLOBAL	0	b8
__fork_handler	fork.lo	W	WEAK	0	4
__fork_handler	pthread_atfork.lo	T	GLOBAL	0	d8
__fpclassify	__fpclassify.lo	T	GLOBAL	0	38
__fpclassifyf	__fpclassifyf.lo	T	GLOBAL	0	38
__fpclassifyl	__fpclassifyl.lo	T	GLOBAL	0	5c
__fpending	ext.lo	T	GLOBAL	0	20
__fpurge	ext.lo	T	GLOBAL	0	18
__fputwc_unlocked	fputwc.lo	T	GLOBAL	0	11c
__freadable	ext.lo	T	GLOBAL	0	10
__freadahead	ext2.lo	T	GLOBAL	0	1c
__freading	ext.lo	T	GLOBAL	0	20
__freadptr	ext2.lo	T	GLOBAL	0	24
__freadptrinc	ext2.lo	T	GLOBAL	0	10
__freelocale	freelocale.lo	W	WEAK	0	24
__fseeko	fseek.lo	T	GLOBAL	0	58
__fseeko_unlocked	fseek.lo	T	GLOBAL	0	c4
__fseterr	ext2.lo	T	GLOBAL	0	10
__fsetlocking	ext.lo	T	GLOBAL	0	8
__fsmu8	internal.lo	R	GLOBAL	0	cc
__fstat	fstat.lo	T	GLOBAL	0	2c
__fstatat	fstatat.lo	T	GLOBAL	0	11c
__ftello	ftell.lo	T	GLOBAL	0	48
__ftello_unlocked	ftell.lo	T	GLOBAL	0	70
__funcs_on_exit	atexit.lo	T	GLOBAL	0	a4
__funcs_on_exit	exit.lo	W	WEAK	0	4
__funcs_on_quick_exit	at_quick_exit.lo	T	GLOBAL	0	6c
__funcs_on_quick_exit	quick_exit.lo	W	WEAK	0	4
__futimesat	futimesat.lo	T	GLOBAL	0	78
__fwritable	ext.lo	T	GLOBAL	0	10
__fwritex	fwrite.lo	T	GLOBAL	0	f8
__fwriting	ext.lo	T	GLOBAL	0	20
__fxstat	__xstat.lo	T	GLOBAL	0	c
__fxstatat	__xstat.lo	T	GLOBAL	0	14
__get_handler_set	sigaction.lo	T	GLOBAL	0	10
__get_locale	locale_map.lo	T	GLOBAL	0	2a4
__get_resolv_conf	resolvconf.lo	T	GLOBAL	0	3a0
__getauxval	getauxval.lo	T	GLOBAL	0	58
__getdelim	getdelim.lo	W	WEAK	0	330
__getgr_a	getgr_a.lo	T	GLOBAL	0	4a4
__getgrent_a	getgrent_a.lo	T	GLOBAL	0	1f8
__getopt_msg	getopt.lo	T	GLOBAL	0	148
__getpw_a	getpw_a.lo	T	GLOBAL	0	358
__getpwent_a	getpwent_a.lo	T	GLOBAL	0	1b0
__gettext_lockptr	dcngettext.lo	D	GLOBAL	0	8
__gettext_lockptr	fork.lo	V	WEAK	0	8
__gettextdomain	dcngettext.lo	W	WEAK	0	c
__gettextdomain	textdomain.lo	T	GLOBAL	0	1c
__gmtime_r	gmtime_r.lo	T	GLOBAL	0	44
__h_errno_location	h_errno.lo	T	GLOBAL	0	20
__hwcap	libc.lo	B	GLOBAL	0	8
__inet_aton	inet_aton.lo	T	GLOBAL	0	118
__inhibit_ptc	lock_ptc.lo	T	GLOBAL	0	c
__init_libc	__libc_start_main.lo	T	GLOBAL	0	1c4
__init_ssp	__libc_start_main.lo	W	WEAK	0	4
__init_ssp	__stack_chk_fail.lo	T	GLOBAL	0	68
__init_tls	__init_tls.lo	W	WEAK	0	1a8
__init_tp	__init_tls.lo	T	GLOBAL	0	7c
__intscan	intscan.lo	T	GLOBAL	0	684
__invtrigl_R	__invtrigl.lo	T	GLOBAL	0	1ec
__isalnum_l	isalnum.lo	T	GLOBAL	0	4
__isalpha_l	isalpha.lo	T	GLOBAL	0	4
__isblank_l	isblank.lo	T	GLOBAL	0	4
__iscntrl_l	iscntrl.lo	T	GLOBAL	0	4
__isdigit_l	isdigit.lo	T	GLOBAL	0	4
__isgraph_l	isgraph.lo	T	GLOBAL	0	4
__islower_l	islower.lo	T	GLOBAL	0	4
__isoc99_fscanf	fscanf.lo	W	WEAK	0	68
__isoc99_fwscanf	fwscanf.lo	W	WEAK	0	68
__isoc99_scanf	scanf.lo	W	WEAK	0	6c
__isoc99_sscanf	sscanf.lo	W	WEAK	0	68
__isoc99_swscanf	swscanf.lo	W	WEAK	0	68
__isoc99_vfscanf	vfscanf.lo	W	WEAK	0	d88
__isoc99_vfwscanf	vfwscanf.lo	W	WEAK	0	d6c
__isoc99_vscanf	vscanf.lo	W	WEAK	0	2c
__isoc99_vsscanf	vsscanf.lo	W	WEAK	0	70
__isoc99_vswscanf	vswscanf.lo	W	WEAK	0	7c
__isoc99_vwscanf	vwscanf.lo	W	WEAK	0	2c
__isoc99_wscanf	wscanf.lo	W	WEAK	0	6c
__isprint_l	isprint.lo	T	GLOBAL	0	4
__ispunct_l	ispunct.lo	T	GLOBAL	0	4
__isspace_l	isspace.lo	T	GLOBAL	0	4
__isupper_l	isupper.lo	T	GLOBAL	0	4
__iswalnum_l	iswalnum.lo	T	GLOBAL	0	4
__iswalpha_l	iswalpha.lo	T	GLOBAL	0	4
__iswblank_l	iswblank.lo	T	GLOBAL	0	4
__iswcntrl_l	iswcntrl.lo	T	GLOBAL	0	4
__iswctype_l	iswctype.lo	T	GLOBAL	0	4
__iswdigit_l	iswdigit.lo	T	GLOBAL	0	4
__iswgraph_l	iswgraph.lo	T	GLOBAL	0	4
__iswlower_l	iswlower.lo	T	GLOBAL	0	4
__iswprint_l	iswprint.lo	T	GLOBAL	0	4
__iswpunct_l	iswpunct.lo	T	GLOBAL	0	4
__iswspace_l	iswspace.lo	T	GLOBAL	0	4
__iswupper_l	iswupper.lo	T	GLOBAL	0	4
__iswxdigit_l	iswxdigit.lo	T	GLOBAL	0	4
__isxdigit_l	isxdigit.lo	T	GLOBAL	0	4
__lctrans	__lctrans.lo	T	GLOBAL	0	4
__lctrans_cur	__lctrans.lo	T	GLOBAL	0	10
__lctrans_impl	__lctrans.lo	W	WEAK	0	4
__lctrans_impl	locale_map.lo	T	GLOBAL	0	28
__ldexp_cexp	__cexp.lo	T	GLOBAL	0	b0
__ldexp_cexpf	__cexpf.lo	T	GLOBAL	0	ac
__ldso_atfork	fork.lo	W	WEAK	0	4
__lgamma_r	lgamma_r.lo	T	GLOBAL	0	7e8
__lgammaf_r	lgammaf_r.lo	T	GLOBAL	0	894
__lgammal_r	lgammal.lo	T	GLOBAL	0	20
__libc	libc.lo	B	GLOBAL	0	68
__libc_calloc	libc_calloc.lo	T	GLOBAL	0	d8
__libc_current_sigrtmax	sigrtmax.lo	T	GLOBAL	0	8
__libc_current_sigrtmin	sigrtmin.lo	T	GLOBAL	0	8
__libc_exit_fini	exit.lo	W	WEAK	0	38
__libc_free	free.lo	T	GLOBAL	0	14c
__libc_malloc	lite_malloc.lo	T	GLOBAL	0	4
__libc_malloc_impl	lite_malloc.lo	W	WEAK	0	28c
__libc_malloc_impl	malloc.lo	T	GLOBAL	0	41c
__libc_realloc	realloc.lo	T	GLOBAL	0	470
__libc_sigaction	sigaction.lo	T	GLOBAL	0	19c
__libc_start_init	__libc_start_main.lo	W	WEAK	0	3c
__libc_start_main	__libc_start_main.lo	T	GLOBAL	0	48
__libc_version	version.lo	R	GLOBAL	0	6
__loc_is_allocated	newlocale.lo	T	GLOBAL	0	44
__locale_lock	locale_map.lo	B	GLOBAL	0	4
__locale_lockptr	fork.lo	V	WEAK	0	8
__locale_lockptr	locale_map.lo	D	GLOBAL	0	8
__localtime_r	localtime_r.lo	T	GLOBAL	0	88
__lock	__lock.lo	T	GLOBAL	0	118
__lockfile	__lockfile.lo	T	GLOBAL	0	b8
__log2_data	log2_data.lo	R	GLOBAL	0	490
__log2f_data	log2f_data.lo	R	GLOBAL	0	120
__log_data	log_data.lo	R	GLOBAL	0	890
__logf_data	logf_data.lo	R	GLOBAL	0	120
__lookup_ipliteral	lookup_ipliteral.lo	T	GLOBAL	0	188
__lookup_name	lookup_name.lo	T	GLOBAL	0	7e0
__lookup_serv	lookup_serv.lo	T	GLOBAL	0	354
__lseek	lseek.lo	T	GLOBAL	0	14
__lsysinfo	sysinfo.lo	T	GLOBAL	0	18
__lxstat	__xstat.lo	T	GLOBAL	0	c
__madvise	madvise.lo	T	GLOBAL	0	1c
__malloc_alloc_meta	malloc.lo	T	GLOBAL	0	300
__malloc_allzerop	calloc.lo	W	WEAK	0	8
__malloc_allzerop	libc_calloc.lo	W	WEAK	0	8
__malloc_allzerop	malloc.lo	T	GLOBAL	0	150
__malloc_atfork	fork.lo	W	WEAK	0	4
__malloc_atfork	malloc.lo	T	GLOBAL	0	40
__malloc_context	malloc.lo	B	GLOBAL	0	3a0
__malloc_donate	donate.lo	T	GLOBAL	0	128
__malloc_lock	malloc.lo	B	GLOBAL	0	4
__malloc_replaced	replaced.lo	B	GLOBAL	0	4
__malloc_size_classes	malloc.lo	R	GLOBAL	0	60
__map_file	__map_file.lo	T	GLOBAL	0	a4
__math_divzero	__math_divzero.lo	T	GLOBAL	0	1c
__math_divzerof	__math_divzerof.lo	T	GLOBAL	0	1c
__math_invalid	__math_invalid.lo	T	GLOBAL	0	c
__math_invalidf	__math_invalidf.lo	T	GLOBAL	0	c
__math_invalidl	__math_invalidl.lo	T	GLOBAL	0	1c
__math_oflow	__math_oflow.lo	T	GLOBAL	0	c
__math_oflowf	__math_oflowf.lo	T	GLOBAL	0	8
__math_uflow	__math_uflow.lo	T	GLOBAL	0	c
__math_uflowf	__math_uflowf.lo	T	GLOBAL	0	8
__math_xflow	__math_xflow.lo	T	GLOBAL	0	14
__math_xflowf	__math_xflowf.lo	T	GLOBAL	0	14
__membarrier	membarrier.lo	T	GLOBAL	0	15c
__membarrier_init	membarrier.lo	T	GLOBAL	0	14
__membarrier_init	pthread_create.lo	W	WEAK	0	4
__memrchr	memrchr.lo	T	GLOBAL	0	110
__mkostemps	mkostemps.lo	T	GLOBAL	0	d4
__mmap	mmap.lo	T	GLOBAL	0	b0
__mo_lookup	__mo_lookup.lo	T	GLOBAL	0	1a0
__month_to_secs	__month_to_secs.lo	T	GLOBAL	0	2c
__mprotect	mprotect.lo	T	GLOBAL	0	40
__mremap	mremap.lo	T	GLOBAL	0	84
__munmap	munmap.lo	T	GLOBAL	0	24
__newlocale	newlocale.lo	T	GLOBAL	0	1d8
__nl_langinfo	langinfo.lo	T	GLOBAL	0	c
__nl_langinfo_l	langinfo.lo	T	GLOBAL	0	100
__nscd_query	nscd_query.lo	T	GLOBAL	0	238
__ofl_add	ofl_add.lo	T	GLOBAL	0	30
__ofl_lock	ofl.lo	T	GLOBAL	0	20
__ofl_unlock	ofl.lo	T	GLOBAL	0	c
__optpos	getopt.lo	B	GLOBAL	0	4
__optreset	getopt.lo	B	GLOBAL	0	4
__overflow	__overflow.lo	T	GLOBAL	0	88
__p1evll	__polevll.lo	T	GLOBAL	0	58
__parsespent	getspnam_r.lo	T	GLOBAL	0	28c
__pio2_hi	__invtrigl.lo	R	GLOBAL	0	10
__pio2_lo	__invtrigl.lo	R	GLOBAL	0	10
__pleval	pleval.lo	T	GLOBAL	0	a4
__polevll	__polevll.lo	T	GLOBAL	0	4c
__posix_getopt	getopt.lo	W	WEAK	0	2d4
__post_Fork	_Fork.lo	T	GLOBAL	0	88
__pow_log_data	pow_data.lo	R	GLOBAL	0	1048
__powf_log2_data	powf_data.lo	R	GLOBAL	0	128
__private_cond_signal	pthread_cond_timedwait.lo	T	GLOBAL	0	1c0
__procfdname	procfdname.lo	T	GLOBAL	0	90
__progname	libc.lo	B	GLOBAL	0	8
__progname_full	libc.lo	B	GLOBAL	0	8
__pthread_cond_timedwait	pthread_cond_timedwait.lo	T	GLOBAL	0	600
__pthread_create	pthread_create.lo	T	GLOBAL	0	588
__pthread_exit	pthread_create.lo	T	GLOBAL	0	1c8
__pthread_join	pthread_join.lo	T	GLOBAL	0	8
__pthread_key_atfork	fork.lo	W	WEAK	0	4
__pthread_key_atfork	pthread_key_create.lo	T	GLOBAL	0	3c
__pthread_key_create	pthread_key_create.lo	T	GLOBAL	0	a8
__pthread_key_delete	pthread_key_create.lo	T	GLOBAL	0	80
__pthread_mutex_lock	pthread_mutex_lock.lo	T	GLOBAL	0	38
__pthread_mutex_timedlock	pthread_mutex_timedlock.lo	T	GLOBAL	0	248
__pthread_mutex_trylock	pthread_mutex_trylock.lo	T	GLOBAL	0	38
__pthread_mutex_trylock_owner	pthread_mutex_trylock.lo	T	GLOBAL	0	170
__pthread_mutex_unlock	pthread_mutex_unlock.lo	T	GLOBAL	0	1b4
__pthread_once	pthread_once.lo	T	GLOBAL	0	1c
__pthread_once_full	pthread_once.lo	T	GLOBAL	0	f0
__pthread_rwlock_rdlock	pthread_rwlock_rdlock.lo	T	GLOBAL	0	8
__pthread_rwlock_timedrdlock	pthread_rwlock_timedrdlock.lo	T	GLOBAL	0	e8
__pthread_rwlock_timedwrlock	pthread_rwlock_timedwrlock.lo	T	GLOBAL	0	cc
__pthread_rwlock_tryrdlock	pthread_rwlock_tryrdlock.lo	T	GLOBAL	0	58
__pthread_rwlock_trywrlock	pthread_rwlock_trywrlock.lo	T	GLOBAL	0	28
__pthread_rwlock_unlock	pthread_rwlock_unlock.lo	T	GLOBAL	0	94
__pthread_rwlock_wrlock	pthread_rwlock_wrlock.lo	T	GLOBAL	0	8
__pthread_setcancelstate	pthread_setcancelstate.lo	T	GLOBAL	0	34
__pthread_testcancel	pthread_testcancel.lo	T	GLOBAL	0	4
__pthread_tsd_main	pthread_create.lo	V	WEAK	0	8
__pthread_tsd_main	pthread_key_create.lo	B	GLOBAL	0	400
__pthread_tsd_run_dtors	pthread_create.lo	W	WEAK	0	4
__pthread_tsd_run_dtors	pthread_key_create.lo	T	GLOBAL	0	d8
__pthread_tsd_run_dtors	timer_create.lo	W	WEAK	0	4
__pthread_tsd_size	pthread_create.lo	V	WEAK	0	8
__pthread_tsd_size	pthread_key_create.lo	D	GLOBAL	0	8
__ptsname_r	pty.lo	T	GLOBAL	0	6c
__putenv	putenv.lo	T	GLOBAL	0	11c
__qsort_r	qsort.lo	T	GLOBAL	0	328
__rand48_step	__rand48_step.lo	T	GLOBAL	0	34
__randname	__randname.lo	T	GLOBAL	0	60
__random_lockptr	fork.lo	V	WEAK	0	8
__random_lockptr	random.lo	D	GLOBAL	0	8
__register_locked_file	ftrylockfile.lo	T	GLOBAL	0	24
__release_ptc	lock_ptc.lo	T	GLOBAL	0	c
__release_ptc	pthread_create.lo	W	WEAK	0	4
__rem_pio2	__rem_pio2.lo	T	GLOBAL	0	3dc
__rem_pio2_large	__rem_pio2_large.lo	T	GLOBAL	0	764
__rem_pio2f	__rem_pio2f.lo	T	GLOBAL	0	148
__rem_pio2l	__rem_pio2l.lo	T	GLOBAL	0	404
__res_mkquery	res_mkquery.lo	T	GLOBAL	0	1a8
__res_msend	res_msend.lo	T	GLOBAL	0	68
__res_msend_rc	res_msend.lo	T	GLOBAL	0	bd8
__res_send	res_send.lo	T	GLOBAL	0	e0
__res_state	res_state.lo	T	GLOBAL	0	c
__reset_tls	__reset_tls.lo	T	GLOBAL	0	74
__restore	restore.lo	T	GLOBAL	0	-
__restore_rt	restore.lo	T	GLOBAL	0	-
__restore_sigs	block.lo	T	GLOBAL	0	1c
__rsqrt_tab	sqrt_data.lo	R	GLOBAL	0	100
__rtnetlink_enumerate	netlink.lo	T	GLOBAL	0	a4
__sched_cpucount	sched_cpucount.lo	T	GLOBAL	0	40
__secs_to_tm	__secs_to_tm.lo	T	GLOBAL	0	27c
__secs_to_zone	__tz.lo	T	GLOBAL	0	408
__seed48	__seed48.lo	D	GLOBAL	0	e
__sem_open_lockptr	fork.lo	V	WEAK	0	8
__sem_open_lockptr	sem_open.lo	D	GLOBAL	0	8
__set_thread_area	__set_thread_area.lo	T	GLOBAL	0	74
__setjmp	setjmp.lo	T	GLOBAL	0	-
__setxid	setxid.lo	T	GLOBAL	0	44
__shgetc	shgetc.lo	T	GLOBAL	0	a4
__shlim	shgetc.lo	T	GLOBAL	0	2c
__shm_mapname	shm_open.lo	T	GLOBAL	0	c4
__sigaction	sigaction.lo	T	GLOBAL	0	98
__signbit	__signbit.lo	T	GLOBAL	0	c
__signbitf	__signbitf.lo	T	GLOBAL	0	c
__signbitl	__signbitl.lo	T	GLOBAL	0	1c
__signgam	signgam.lo	B	GLOBAL	0	4
__sigsetjmp	sigsetjmp.lo	T	GLOBAL	0	-
__sigsetjmp_tail	sigsetjmp_tail.lo	T	GLOBAL	0	30
__sin	__sin.lo	T	GLOBAL	0	ac
__sindf	__sindf.lo	T	GLOBAL	0	58
__sinl	__sinl.lo	T	GLOBAL	0	1d8
__stack_chk_fail	__stack_chk_fail.lo	T	GLOBAL	0	c
__stack_chk_fail_local	__stack_chk_fail.lo	W	WEAK	0	c
__stack_chk_guard	__stack_chk_fail.lo	B	GLOBAL	0	8
__stderr_FILE	stderr.lo	D	GLOBAL	0	e8
__stderr_used	__stdio_exit.lo	V	WEAK	0	8
__stderr_used	fflush.lo	V	WEAK	0	8
__stderr_used	pthread_create.lo	V	WEAK	0	8
__stderr_used	stderr.lo	D	GLOBAL	0	8
__stdin_FILE	stdin.lo	D	GLOBAL	0	e8
__stdin_used	__stdio_exit.lo	V	WEAK	0	8
__stdin_used	pthread_create.lo	V	WEAK	0	8
__stdin_used	stdin.lo	D	GLOBAL	0	8
__stdio_close	__stdio_close.lo	T	GLOBAL	0	24
__stdio_exit	__stdio_exit.lo	T	GLOBAL	0	48
__stdio_exit	exit.lo	W	WEAK	0	4
__stdio_exit_needed	__stdio_exit.lo	W	WEAK	0	48
__stdio_ofl_lockptr	fork.lo	V	WEAK	0	8
__stdio_ofl_lockptr	ofl.lo	D	GLOBAL	0	8
__stdio_read	__stdio_read.lo	T	GLOBAL	0	d8
__stdio_seek	__stdio_seek.lo	T	GLOBAL	0	8
__stdio_write	__stdio_write.lo	T	GLOBAL	0	100
__stdout_FILE	stdout.lo	D	GLOBAL	0	e8
__stdout_used	__stdio_exit.lo	V	WEAK	0	8
__stdout_used	fflush.lo	V	WEAK	0	8
__stdout_used	pthread_create.lo	V	WEAK	0	8
__stdout_used	stdout.lo	D	GLOBAL	0	8
__stdout_write	__stdout_write.lo	T	GLOBAL	0	5c
__stpcpy	stpcpy.lo	T	GLOBAL	0	70
__stpncpy	stpncpy.lo	T	GLOBAL	0	d0
__strcasecmp_l	strcasecmp.lo	T	GLOBAL	0	4
__strchrnul	strchrnul.lo	T	GLOBAL	0	ac
__strcoll_l	strcoll.lo	T	GLOBAL	0	4
__strerror_l	strerror.lo	T	GLOBAL	0	34
__strftime_fmt_1	strftime.lo	T	GLOBAL	0	594
__strftime_l	strftime.lo	T	GLOBAL	0	37c
__strncasecmp_l	strncasecmp.lo	T	GLOBAL	0	4
__strtod_l	strtod_l.lo	W	WEAK	0	4
__strtof_l	strtod_l.lo	W	WEAK	0	4
__strtoimax_internal	strtol.lo	W	WEAK	0	4
__strtol_internal	strtol.lo	W	WEAK	0	74
__strtold_l	strtod_l.lo	W	WEAK	0	4
__strtoll_internal	strtol.lo	W	WEAK	0	74
__strtoul_internal	strtol.lo	W	WEAK	0	78
__strtoull_internal	strtol.lo	W	WEAK	0	78
__strtoumax_internal	strtol.lo	W	WEAK	0	4
__strxfrm_l	strxfrm.lo	T	GLOBAL	0	54
__synccall	synccall.lo	T	GLOBAL	0	24c
__syscall_cp	__syscall_cp.lo	T	GLOBAL	0	4
__syscall_cp_asm	syscall_cp.lo	T	GLOBAL	0	-
__syscall_cp_c	__syscall_cp.lo	W	WEAK	0	24
__syscall_cp_c	pthread_cancel.lo	T	GLOBAL	0	e0
__syscall_ret	syscall_ret.lo	T	GLOBAL	0	34
__sysinfo	defsysinfo.lo	B	GLOBAL	0	8
__syslog_lockptr	fork.lo	V	WEAK	0	8
__syslog_lockptr	syslog.lo	D	GLOBAL	0	8
__sysv_signal	signal.lo	W	WEAK	0	50
__tan	__tan.lo	T	GLOBAL	0	1c8
__tandf	__tandf.lo	T	GLOBAL	0	84
__tanl	__tanl.lo	T	GLOBAL	0	50c
__testcancel	pthread_cancel.lo	T	GLOBAL	0	50
__testcancel	pthread_testcancel.lo	W	WEAK	0	4
__thread_list_lock	__init_tls.lo	B	GLOBAL	0	4
__timedwait	__timedwait.lo	T	GLOBAL	0	58
__timedwait_cp	__timedwait.lo	T	GLOBAL	0	140
__timezone	__tz.lo	B	GLOBAL	0	8
__timezone_lockptr	__tz.lo	D	GLOBAL	0	8
__timezone_lockptr	fork.lo	V	WEAK	0	8
__tl_lock	fork.lo	W	WEAK	0	4
__tl_lock	membarrier.lo	W	WEAK	0	4
__tl_lock	pthread_create.lo	T	GLOBAL	0	74
__tl_lock	pthread_key_create.lo	W	WEAK	0	4
__tl_lock	synccall.lo	W	WEAK	0	4
__tl_sync	pthread_create.lo	T	GLOBAL	0	6c
__tl_sync	pthread_join.lo	W	WEAK	0	4
__tl_unlock	fork.lo	W	WEAK	0	4
__tl_unlock	membarrier.lo	W	WEAK	0	4
__tl_unlock	pthread_create.lo	T	GLOBAL	0	64
__tl_unlock	pthread_key_create.lo	W	WEAK	0	4
__tl_unlock	synccall.lo	W	WEAK	0	4
__tls_get_addr	__tls_get_addr.lo	T	GLOBAL	0	18
__tlsdesc_dynamic	tlsdesc.lo	T	GLOBAL	8	-
__tlsdesc_static	tlsdesc.lo	T	GLOBAL	0	-
__tm_to_secs	__tm_to_secs.lo	T	GLOBAL	0	a0
__tm_to_tzname	__tz.lo	T	GLOBAL	0	a4
__tolower_l	tolower.lo	T	GLOBAL	0	4
__toread	__toread.lo	T	GLOBAL	0	70
__toread_needs_stdio_exit	__toread.lo	T	GLOBAL	0	4
__toupper_l	toupper.lo	T	GLOBAL	0	4
__towctrans_l	wctrans.lo	T	GLOBAL	0	4
__towlower_l	towctrans.lo	T	GLOBAL	0	4
__towrite	__towrite.lo	T	GLOBAL	0	44
__towrite_needs_stdio_exit	__towrite.lo	T	GLOBAL	0	4
__towupper_l	towctrans.lo	T	GLOBAL	0	4
__tre_mem_alloc_impl	tre-mem.lo	T	GLOBAL	0	150
__tre_mem_destroy	tre-mem.lo	T	GLOBAL	0	40
__tre_mem_new_impl	tre-mem.lo	T	GLOBAL	0	34
__tsearch_balance	tsearch.lo	T	GLOBAL	0	110
__tzname	__tz.lo	B	GLOBAL	0	10
__uflow	__uflow.lo	T	GLOBAL	0	40
__unlist_locked_file	fclose.lo	W	WEAK	0	4
__unlist_locked_file	ftrylockfile.lo	T	GLOBAL	0	38
__unlock	__lock.lo	T	GLOBAL	0	5c
__unlockfile	__lockfile.lo	T	GLOBAL	0	48
__unmapself	__unmapself.lo	T	GLOBAL	0	-
__uselocale	uselocale.lo	T	GLOBAL	0	38
__utc	__utc.lo	R	GLOBAL	0	4
__vdsosym	vdso.lo	T	GLOBAL	0	2bc
__vm_lock	vmlock.lo	T	GLOBAL	0	20
__vm_unlock	vmlock.lo	T	GLOBAL	0	58
__vm_wait	mmap.lo	W	WEAK	0	4
__vm_wait	mremap.lo	W	WEAK	0	4
__vm_wait	munmap.lo	W	WEAK	0	4
__vm_wait	vmlock.lo	T	GLOBAL	0	40
__vmlock_lockptr	fork.lo	V	WEAK	0	8
__vmlock_lockptr	vmlock.lo	D	GLOBAL	0	8
__wait	__wait.lo	T	GLOBAL	0	e4
__wcscoll_l	wcscoll.lo	T	GLOBAL	0	4
__wcsftime_l	wcsftime.lo	T	GLOBAL	0	278
__wcsxfrm_l	wcsxfrm.lo	T	GLOBAL	0	68
__wctrans_l	wctrans.lo	T	GLOBAL	0	4
__wctype_l	iswctype.lo	T	GLOBAL	0	4
__xmknod	__xstat.lo	T	GLOBAL	0	10
__xmknodat	__xstat.lo	T	GLOBAL	0	14
__xpg_basename	basename.lo	W	WEAK	0	78
__xpg_strerror_r	strerror_r.lo	W	WEAK	0	74
__xstat	__xstat.lo	T	GLOBAL	0	c
__year_to_secs	__year_to_secs.lo	T	GLOBAL	0	158
_environ	__environ.lo	V	WEAK	0	8
_exit	_exit.lo	T	GLOBAL	0	8
_fini	exit.lo	W	WEAK	0	4
_flushlbf	ext.lo	T	GLOBAL	0	8
_init	__libc_start_main.lo	W	WEAK	0	4
_longjmp	longjmp.lo	T	GLOBAL	0	-
_ns_flagdata	ns_parse.lo	R	GLOBAL	0	80
_pthread_cleanup_pop	pthread_cleanup_push.lo	T	GLOBAL	0	38
_pthread_cleanup_push	pthread_cleanup_push.lo	T	GLOBAL	0	8
_setjmp	setjmp.lo	T	GLOBAL	0	-
a64l	a64l.lo	T	GLOBAL	0	64
abort	abort.lo	T	GLOBAL	0	78
abs	abs.lo	T	GLOBAL	0	c
accept	accept.lo	T	GLOBAL	0	30
accept4	accept4.lo	T	GLOBAL	0	f0
access	access.lo	T	GLOBAL	0	28
acct	acct.lo	T	GLOBAL	0	18
acos	acos.lo	T	GLOBAL	0	16c
acosf	acosf.lo	T	GLOBAL	0	26c
acosh	acosh.lo	T	GLOBAL	0	98
acoshf	acoshf.lo	T	GLOBAL	0	98
acoshl	acoshl.lo	T	GLOBAL	0	18
acosl	acosl.lo	T	GLOBAL	0	254
addmntent	mntent.lo	T	GLOBAL	0	54
adjtime	adjtime.lo	T	GLOBAL	0	d8
adjtimex	adjtimex.lo	T	GLOBAL	0	c
aio_cancel	aio.lo	T	GLOBAL	0	148
aio_error	aio.lo	T	GLOBAL	0	10
aio_fsync	aio.lo	T	GLOBAL	0	38
aio_read	aio.lo	T	GLOBAL	0	8
aio_return	aio.lo	T	GLOBAL	0	8
aio_suspend	aio_suspend.lo	T	GLOBAL	0	220
aio_write	aio.lo	T	GLOBAL	0	8
alarm	alarm.lo	T	GLOBAL	0	44
aligned_alloc	aligned_alloc.lo	T	GLOBAL	0	2ac
alphasort	alphasort.lo	T	GLOBAL	0	14
asctime	asctime.lo	T	GLOBAL	0	c
asctime_r	asctime_r.lo	W	WEAK	0	a4
asin	asin.lo	T	GLOBAL	0	170
asinf	asinf.lo	T	GLOBAL	0	190
asinh	asinh.lo	T	GLOBAL	0	d4
asinhf	asinhf.lo	T	GLOBAL	0	d8
asinhl	asinhl.lo	T	GLOBAL	0	18
asinl	asinl.lo	T	GLOBAL	0	284
asprintf	asprintf.lo	T	GLOBAL	0	68
at_quick_exit	at_quick_exit.lo	T	GLOBAL	0	60
atan	atan.lo	T	GLOBAL	0	220
atan2	atan2.lo	T	GLOBAL	0	1c0
atan2f	atan2f.lo	T	GLOBAL	0	204
atan2l	atan2l.lo	T	GLOBAL	0	340
atanf	atanf.lo	T	GLOBAL	0	260
atanh	atanh.lo	T	GLOBAL	0	8c
atanhf	atanhf.lo	T	GLOBAL	0	94
atanhl	atanhl.lo	T	GLOBAL	0	e4
atanl	atanl.lo	T	GLOBAL	0	4b0
atexit	atexit.lo	T	GLOBAL	0	14
atof	atof.lo	T	GLOBAL	0	8
atoi	atoi.lo	T	GLOBAL	0	6c
atol	atol.lo	T	GLOBAL	0	6c
atoll	atoll.lo	T	GLOBAL	0	6c
basename	basename.lo	T	GLOBAL	0	78
bcmp	bcmp.lo	T	GLOBAL	0	4
bcopy	bcopy.lo	T	GLOBAL	0	10
bind	bind.lo	T	GLOBAL	0	2c
bind_textdomain_codeset	bind_textdomain_codeset.lo	T	GLOBAL	0	40
bindtextdomain	dcngettext.lo	T	GLOBAL	0	1d8
brk	brk.lo	T	GLOBAL	0	14
bsd_signal	signal.lo	W	WEAK	0	50
bsearch	bsearch.lo	T	GLOBAL	0	78
btowc	btowc.lo	T	GLOBAL	0	34
bzero	bzero.lo	T	GLOBAL	0	c
c16rtomb	c16rtomb.lo	T	GLOBAL	0	9c
c32rtomb	c32rtomb.lo	T	GLOBAL	0	4
cabs	cabs.lo	T	GLOBAL	0	4
cabsf	cabsf.lo	T	GLOBAL	0	4
cabsl	cabsl.lo	T	GLOBAL	0	4
cacos	cacos.lo	T	GLOBAL	0	20
cacosf	cacosf.lo	T	GLOBAL	0	24
cacosh	cacosh.lo	T	GLOBAL	0	34
cacoshf	cacoshf.lo	T	GLOBAL	0	34
cacoshl	cacoshl.lo	T	GLOBAL	0	68
cacosl	cacosl.lo	T	GLOBAL	0	40
call_once	call_once.lo	T	GLOBAL	0	4
calloc	calloc.lo	T	GLOBAL	0	d8
capget	cap.lo	T	GLOBAL	0	18
capset	cap.lo	T	GLOBAL	0	18
carg	carg.lo	T	GLOBAL	0	10
cargf	cargf.lo	T	GLOBAL	0	10
cargl	cargl.lo	T	GLOBAL	0	10
casin	casin.lo	T	GLOBAL	0	58
casinf	casinf.lo	T	GLOBAL	0	64
casinh	casinh.lo	T	GLOBAL	0	28
casinhf	casinhf.lo	T	GLOBAL	0	28
casinhl	casinhl.lo	T	GLOBAL	0	50
casinl	casinl.lo	T	GLOBAL	0	b0
catan	catan.lo	T	GLOBAL	0	74
catanf	catanf.lo	T	GLOBAL	0	74
catanh	catanh.lo	T	GLOBAL	0	28
catanhf	catanhf.lo	T	GLOBAL	0	28
catanhl	catanhl.lo	T	GLOBAL	0	50
catanl	catanl.lo	T	GLOBAL	0	124
catclose	catclose.lo	T	GLOBAL	0	20
catgets	catgets.lo	T	GLOBAL	0	c8
catopen	catopen.lo	T	GLOBAL	0	2bc
cbrt	cbrt.lo	T	GLOBAL	0	124
cbrtf	cbrtf.lo	T	GLOBAL	0	d4
cbrtl	cbrtl.lo	T	GLOBAL	0	26c
ccos	ccos.lo	T	GLOBAL	0	10
ccosf	ccosf.lo	T	GLOBAL	0	10
ccosh	ccosh.lo	T	GLOBAL	0	28c
ccoshf	ccoshf.lo	T	GLOBAL	0	274
ccoshl	ccoshl.lo	T	GLOBAL	0	50
ccosl	ccosl.lo	T	GLOBAL	0	2c
ceil	ceil.lo	T	GLOBAL	0	8
ceilf	ceilf.lo	T	GLOBAL	0	8
ceill	ceill.lo	T	GLOBAL	0	128
cexp	cexp.lo	T	GLOBAL	0	108
cexpf	cexpf.lo	T	GLOBAL	0	100
cexpl	cexpl.lo	T	GLOBAL	0	50
cfgetispeed	cfgetospeed.lo	T	GLOBAL	0	10
cfgetospeed	cfgetospeed.lo	T	GLOBAL	0	10
cfmakeraw	cfmakeraw.lo	T	GLOBAL	0	3c
cfsetispeed	cfsetospeed.lo	T	GLOBAL	0	44
cfsetospeed	cfsetospeed.lo	T	GLOBAL	0	40
cfsetspeed	cfsetspeed.lo	T	GLOBAL	0	38
chdir	chdir.lo	T	GLOBAL	0	18
chmod	chmod.lo	T	GLOBAL	0	24
chown	chown.lo	T	GLOBAL	0	2c
chroot	chroot.lo	T	GLOBAL	0	18
cimag	cimag.lo	T	GLOBAL	0	8
cimagf	cimagf.lo	T	GLOBAL	0	8
cimagl	cimagl.lo	T	GLOBAL	0	8
clearenv	clearenv.lo	T	GLOBAL	0	3c
clearerr	clearerr.lo	T	GLOBAL	0	44
clearerr_unlocked	clearerr.lo	W	WEAK	0	44
clock	clock.lo	T	GLOBAL	0	7c
clock_adjtime	clock_adjtime.lo	T	GLOBAL	0	34
clock_getcpuclockid	clock_getcpuclockid.lo	T	GLOBAL	0	4c
clock_getres	clock_getres.lo	T	GLOBAL	0	1c
clock_gettime	clock_gettime.lo	W	WEAK	0	98
clock_nanosleep	clock_nanosleep.lo	W	WEAK	0	6c
clock_settime	clock_settime.lo	T	GLOBAL	0	1c
clog	clog.lo	T	GLOBAL	0	44
clogf	clogf.lo	T	GLOBAL	0	44
clogl	clogl.lo	T	GLOBAL	0	38
clone	clone.lo	T	GLOBAL	0	f4
close	close.lo	T	GLOBAL	0	40
closedir	closedir.lo	T	GLOBAL	0	30
closelog	syslog.lo	T	GLOBAL	0	54
cnd_broadcast	cnd_broadcast.lo	T	GLOBAL	0	8
cnd_destroy	cnd_destroy.lo	T	GLOBAL	0	4
cnd_init	cnd_init.lo	T	GLOBAL	0	14
cnd_signal	cnd_signal.lo	T	GLOBAL	0	8
cnd_timedwait	cnd_timedwait.lo	T	GLOBAL	0	24
cnd_wait	cnd_wait.lo	T	GLOBAL	0	8
confstr	confstr.lo	T	GLOBAL	0	78
conj	conj.lo	T	GLOBAL	0	8
conjf	conjf.lo	T	GLOBAL	0	8
conjl	conjl.lo	T	GLOBAL	0	28
connect	connect.lo	T	GLOBAL	0	30
copy_file_range	copy_file_range.lo	T	GLOBAL	0	18
copysign	copysign.lo	T	GLOBAL	0	14
copysignf	copysignf.lo	T	GLOBAL	0	14
copysignl	copysignl.lo	T	GLOBAL	0	38
cos	cos.lo	T	GLOBAL	0	b0
cosf	cosf.lo	T	GLOBAL	0	168
cosh	cosh.lo	T	GLOBAL	0	9c
coshf	coshf.lo	T	GLOBAL	0	9c
coshl	coshl.lo	T	GLOBAL	0	18
cosl	cosl.lo	T	GLOBAL	0	f4
cpow	cpow.lo	T	GLOBAL	0	68
cpowf	cpowf.lo	T	GLOBAL	0	68
cpowl	cpowl.lo	T	GLOBAL	0	98
cproj	cproj.lo	T	GLOBAL	0	4c
cprojf	cprojf.lo	T	GLOBAL	0	4c
cprojl	cprojl.lo	T	GLOBAL	0	54
creal	creal.lo	T	GLOBAL	0	4
crealf	crealf.lo	T	GLOBAL	0	4
creall	creall.lo	T	GLOBAL	0	4
creat	creat.lo	T	GLOBAL	0	c
crypt	crypt.lo	T	GLOBAL	0	c
crypt_r	crypt_r.lo	W	WEAK	0	8c
csin	csin.lo	T	GLOBAL	0	28
csinf	csinf.lo	T	GLOBAL	0	28
csinh	csinh.lo	T	GLOBAL	0	2a4
csinhf	csinhf.lo	T	GLOBAL	0	288
csinhl	csinhl.lo	T	GLOBAL	0	50
csinl	csinl.lo	T	GLOBAL	0	50
csqrt	csqrt.lo	T	GLOBAL	0	1c8
csqrtf	csqrtf.lo	T	GLOBAL	0	178
csqrtl	csqrtl.lo	T	GLOBAL	0	50
ctan	ctan.lo	T	GLOBAL	0	28
ctanf	ctanf.lo	T	GLOBAL	0	28
ctanh	ctanh.lo	T	GLOBAL	0	1ac
ctanhf	ctanhf.lo	T	GLOBAL	0	19c
ctanhl	ctanhl.lo	T	GLOBAL	0	50
ctanl	ctanl.lo	T	GLOBAL	0	50
ctermid	ctermid.lo	T	GLOBAL	0	1c
ctime	ctime.lo	T	GLOBAL	0	1c
ctime_r	ctime_r.lo	T	GLOBAL	0	30
cuserid	cuserid.lo	T	GLOBAL	0	78
daemon	daemon.lo	T	GLOBAL	0	d0
daylight	__tz.lo	V	WEAK	0	4
dcgettext	dcngettext.lo	T	GLOBAL	0	10
dcngettext	dcngettext.lo	T	GLOBAL	0	468
delete_module	module.lo	T	GLOBAL	0	1c
dgettext	dcngettext.lo	T	GLOBAL	0	10
difftime	difftime.lo	T	GLOBAL	0	c
dirfd	dirfd.lo	T	GLOBAL	0	8
dirname	dirname.lo	T	GLOBAL	0	98
div	div.lo	T	GLOBAL	0	1c
dl_iterate_phdr	dl_iterate_phdr.lo	W	WEAK	0	114
dladdr	dladdr.lo	W	WEAK	0	8
dlclose	dlclose.lo	T	GLOBAL	0	4
dlerror	dlerror.lo	T	GLOBAL	0	38
dlinfo	dlinfo.lo	T	GLOBAL	0	4c
dlopen	dlopen.lo	W	WEAK	0	1c
dlsym	dlsym.lo	T	GLOBAL	0	-
dn_comp	dn_comp.lo	T	GLOBAL	0	438
dn_expand	dn_expand.lo	W	WEAK	0	10c
dn_skipname	dn_skipname.lo	T	GLOBAL	0	68
dngettext	dcngettext.lo	T	GLOBAL	0	8
dprintf	dprintf.lo	T	GLOBAL	0	68
drand48	drand48.lo	T	GLOBAL	0	c
drem	remainder.lo	W	WEAK	0	14
dremf	remainderf.lo	W	WEAK	0	14
dup	dup.lo	T	GLOBAL	0	1c
dup2	dup2.lo	T	GLOBAL	0	64
dup3	dup3.lo	W	WEAK	0	34
duplocale	duplocale.lo	W	WEAK	0	3c
eaccess	euidaccess.lo	W	WEAK	0	14
ecvt	ecvt.lo	T	GLOBAL	0	a4
encrypt	encrypt.lo	T	GLOBAL	0	170
endgrent	getgrent.lo	W	WEAK	0	20
endhostent	ent.lo	T	GLOBAL	0	4
endmntent	mntent.lo	T	GLOBAL	0	20
endnetent	ent.lo	W	WEAK	0	4
endprotoent	proto.lo	T	GLOBAL	0	c
endpwent	getpwent.lo	W	WEAK	0	20
endservent	serv.lo	T	GLOBAL	0	4
endspent	getspent.lo	T	GLOBAL	0	4
endusershell	getusershell.lo	T	GLOBAL	0	20
endutent	utmpx.lo	W	WEAK	0	4
endutxent	utmpx.lo	T	GLOBAL	0	4
environ	__environ.lo	V	WEAK	0	8
epoll_create	epoll.lo	T	GLOBAL	0	24
epoll_create1	epoll.lo	T	GLOBAL	0	20
epoll_ctl	epoll.lo	T	GLOBAL	0	24
epoll_pwait	epoll.lo	T	GLOBAL	0	34
epoll_wait	epoll.lo	T	GLOBAL	0	8
erand48	drand48.lo	T	GLOBAL	0	2c
erf	erf.lo	T	GLOBAL	0	180
erfc	erf.lo	T	GLOBAL	0	188
erfcf	erff.lo	T	GLOBAL	0	1b0
erfcl	erfl.lo	T	GLOBAL	0	18
erff	erff.lo	T	GLOBAL	0	1a8
erfl	erfl.lo	T	GLOBAL	0	18
err	err.lo	T	GLOBAL	0	5c
errx	err.lo	T	GLOBAL	0	5c
ether_aton	ether.lo	T	GLOBAL	0	c
ether_aton_r	ether.lo	T	GLOBAL	0	88
ether_hostton	ether.lo	T	GLOBAL	0	8
ether_line	ether.lo	T	GLOBAL	0	8
ether_ntoa	ether.lo	T	GLOBAL	0	c
ether_ntoa_r	ether.lo	T	GLOBAL	0	6c
ether_ntohost	ether.lo	T	GLOBAL	0	8
euidaccess	euidaccess.lo	T	GLOBAL	0	14
eventfd	eventfd.lo	T	GLOBAL	0	24
eventfd_read	eventfd.lo	T	GLOBAL	0	1c
eventfd_write	eventfd.lo	T	GLOBAL	0	24
execl	execl.lo	T	GLOBAL	0	170
execle	execle.lo	T	GLOBAL	0	180
execlp	execlp.lo	T	GLOBAL	0	170
execv	execv.lo	T	GLOBAL	0	10
execve	execve.lo	T	GLOBAL	0	18
execvp	execvp.lo	T	GLOBAL	0	10
execvpe	execvp.lo	W	WEAK	0	1c8
exit	exit.lo	T	GLOBAL	0	78
exp	exp.lo	T	GLOBAL	0	194
exp10	exp10.lo	T	GLOBAL	0	90
exp10f	exp10f.lo	T	GLOBAL	0	a0
exp10l	exp10l.lo	T	GLOBAL	0	bc
exp2	exp2.lo	T	GLOBAL	0	198
exp2f	exp2f.lo	T	GLOBAL	0	bc
exp2l	exp2l.lo	T	GLOBAL	0	2d8
expf	expf.lo	T	GLOBAL	0	d4
expl	expl.lo	T	GLOBAL	0	18
explicit_bzero	explicit_bzero.lo	T	GLOBAL	0	18
expm1	expm1.lo	T	GLOBAL	0	2b4
expm1f	expm1f.lo	T	GLOBAL	0	2f0
expm1l	expm1l.lo	T	GLOBAL	0	18
fabs	fabs.lo	T	GLOBAL	0	8
fabsf	fabsf.lo	T	GLOBAL	0	8
fabsl	fabsl.lo	T	GLOBAL	0	28
faccessat	faccessat.lo	T	GLOBAL	0	19c
fallocate	fallocate.lo	T	GLOBAL	0	20
fanotify_init	fanotify.lo	T	GLOBAL	0	20
fanotify_mark	fanotify.lo	T	GLOBAL	0	24
fchdir	fchdir.lo	T	GLOBAL	0	68
fchmod	fchmod.lo	T	GLOBAL	0	78
fchmodat	fchmodat.lo	T	GLOBAL	0	17c
fchown	fchown.lo	T	GLOBAL	0	88
fchownat	fchownat.lo	T	GLOBAL	0	28
fclose	fclose.lo	T	GLOBAL	0	d4
fcntl	fcntl.lo	T	GLOBAL	0	160
fcvt	fcvt.lo	T	GLOBAL	0	f0
fdatasync	fdatasync.lo	T	GLOBAL	0	30
fdim	fdim.lo	T	GLOBAL	0	48
fdimf	fdimf.lo	T	GLOBAL	0	48
fdiml	fdiml.lo	T	GLOBAL	0	5c
fdopen	__fdopen.lo	W	WEAK	0	17c
fdopendir	fdopendir.lo	T	GLOBAL	0	94
feclearexcept	fenv.lo	T	GLOBAL	34	-
fegetenv	fenv.lo	T	GLOBAL	64	-
fegetexceptflag	fegetexceptflag.lo	T	GLOBAL	0	20
fegetround	fenv.lo	T	GLOBAL	0	-
feholdexcept	feholdexcept.lo	T	GLOBAL	0	1c
feof	feof.lo	T	GLOBAL	0	48
feof_unlocked	feof.lo	W	WEAK	0	48
feraiseexcept	fenv.lo	T	GLOBAL	4c	-
ferror	ferror.lo	T	GLOBAL	0	48
ferror_unlocked	ferror.lo	W	WEAK	0	48
fesetenv	fenv.lo	T	GLOBAL	78	-
fesetexceptflag	fesetexceptflag.lo	T	GLOBAL	0	38
fesetround	fesetround.lo	T	GLOBAL	0	14
fetestexcept	fenv.lo	T	GLOBAL	24	-
feupdateenv	feupdateenv.lo	T	GLOBAL	0	38
fexecve	fexecve.lo	T	GLOBAL	0	88
fflush	fflush.lo	T	GLOBAL	0	174
fflush_unlocked	fflush.lo	W	WEAK	0	174
ffs	ffs.lo	T	GLOBAL	0	18
ffsl	ffsl.lo	T	GLOBAL	0	1c
ffsll	ffsll.lo	T	GLOBAL	0	1c
fgetc	fgetc.lo	T	GLOBAL	0	44
fgetc_unlocked	getc_unlocked.lo	W	WEAK	0	24
fgetgrent	fgetgrent.lo	T	GLOBAL	0	3c
fgetln	fgetln.lo	T	GLOBAL	0	d8
fgetpos	fgetpos.lo	T	GLOBAL	0	28
fgetpwent	fgetpwent.lo	T	GLOBAL	0	30
fgets	fgets.lo	T	GLOBAL	0	1ac
fgets_unlocked	fgets.lo	W	WEAK	0	1ac
fgetspent	fgetspent.lo	T	GLOBAL	0	6c
fgetwc	fgetwc.lo	T	GLOBAL	0	48
fgetwc_unlocked	fgetwc.lo	W	WEAK	0	148
fgetws	fgetws.lo	T	GLOBAL	0	c0
fgetws_unlocked	fgetws.lo	W	WEAK	0	c0
fgetxattr	xattr.lo	T	GLOBAL	0	10
fileno	fileno.lo	T	GLOBAL	0	58
fileno_unlocked	fileno.lo	W	WEAK	0	58
finite	finite.lo	T	GLOBAL	0	18
finitef	finitef.lo	T	GLOBAL	0	18
flistxattr	xattr.lo	T	GLOBAL	0	10
flock	flock.lo	T	GLOBAL	0	20
flockfile	flockfile.lo	T	GLOBAL	0	34
floor	floor.lo	T	GLOBAL	0	8
floorf	floorf.lo	T	GLOBAL	0	8
floorl	floorl.lo	T	GLOBAL	0	124
fma	fma.lo	T	GLOBAL	0	8
fmaf	fmaf.lo	T	GLOBAL	0	8
fmal	fmal.lo	T	GLOBAL	0	638
fmax	fmax.lo	T	GLOBAL	0	8
fmaxf	fmaxf.lo	T	GLOBAL	0	8
fmaxl	fmaxl.lo	T	GLOBAL	0	6c
fmemopen	fmemopen.lo	T	GLOBAL	0	1c8
fmin	fmin.lo	T	GLOBAL	0	8
fminf	fminf.lo	T	GLOBAL	0	8
fminl	fminl.lo	T	GLOBAL	0	6c
fmod	fmod.lo	T	GLOBAL	0	11c
fmodf	fmodf.lo	T	GLOBAL	0	118
fmodl	fmodl.lo	T	GLOBAL	0	21c
fmtmsg	fmtmsg.lo	T	GLOBAL	0	358
fnmatch	fnmatch.lo	T	GLOBAL	0	190
fopen	fopen.lo	T	GLOBAL	0	bc
fopencookie	fopencookie.lo	T	GLOBAL	0	100
fork	fork.lo	T	GLOBAL	0	1d4
forkpty	forkpty.lo	T	GLOBAL	0	164
fpathconf	fpathconf.lo	T	GLOBAL	0	34
fprintf	fprintf.lo	T	GLOBAL	0	68
fpurge	ext.lo	W	WEAK	0	18
fputc	fputc.lo	T	GLOBAL	0	64
fputc_unlocked	putc_unlocked.lo	W	WEAK	0	40
fputs	fputs.lo	T	GLOBAL	0	40
fputs_unlocked	fputs.lo	W	WEAK	0	40
fputwc	fputwc.lo	T	GLOBAL	0	54
fputwc_unlocked	fputwc.lo	W	WEAK	0	11c
fputws	fputws.lo	T	GLOBAL	0	e8
fputws_unlocked	fputws.lo	W	WEAK	0	e8
fread	fread.lo	T	GLOBAL	0	108
fread_unlocked	fread.lo	W	WEAK	0	108
free	free.lo	T	GLOBAL	0	4
freeaddrinfo	freeaddrinfo.lo	T	GLOBAL	0	68
freeifaddrs	getifaddrs.lo	T	GLOBAL	0	24
freelocale	freelocale.lo	T	GLOBAL	0	24
fremovexattr	xattr.lo	T	GLOBAL	0	1c
freopen	freopen.lo	T	GLOBAL	0	148
frexp	frexp.lo	T	GLOBAL	0	74
frexpf	frexpf.lo	T	GLOBAL	0	74
frexpl	frexpl.lo	T	GLOBAL	0	98
fscanf	fscanf.lo	T	GLOBAL	0	68
fseek	fseek.lo	T	GLOBAL	0	58
fseeko	fseek.lo	W	WEAK	0	58
fsetpos	fsetpos.lo	T	GLOBAL	0	c
fsetxattr	xattr.lo	T	GLOBAL	0	20
fstat	fstat.lo	W	WEAK	0	2c
fstatat	fstatat.lo	W	WEAK	0	11c
fstatfs	statvfs.lo	W	WEAK	0	34
fstatvfs	statvfs.lo	T	GLOBAL	0	9c
fsync	fsync.lo	T	GLOBAL	0	30
ftell	ftell.lo	T	GLOBAL	0	48
ftello	ftell.lo	W	WEAK	0	48
ftime	ftime.lo	T	GLOBAL	0	4c
ftok	ftok.lo	T	GLOBAL	0	38
ftruncate	ftruncate.lo	T	GLOBAL	0	1c
ftrylockfile	ftrylockfile.lo	T	GLOBAL	0	90
ftw	ftw.lo	T	GLOBAL	0	8
funlockfile	funlockfile.lo	T	GLOBAL	0	38
futimens	futimens.lo	T	GLOBAL	0	10
futimes	futimes.lo	T	GLOBAL	0	4c
futimesat	futimesat.lo	W	WEAK	0	78
fwide	fwide.lo	T	GLOBAL	0	d4
fwprintf	fwprintf.lo	T	GLOBAL	0	68
fwrite	fwrite.lo	T	GLOBAL	0	9c
fwrite_unlocked	fwrite.lo	W	WEAK	0	9c
fwscanf	fwscanf.lo	T	GLOBAL	0	68
gai_strerror	gai_strerror.lo	T	GLOBAL	0	38
gcvt	gcvt.lo	T	GLOBAL	0	28
get_avphys_pages	legacy.lo	T	GLOBAL	0	8
get_current_dir_name	get_current_dir_name.lo	T	GLOBAL	0	80
get_nprocs	legacy.lo	T	GLOBAL	0	14
get_nprocs_conf	legacy.lo	T	GLOBAL	0	14
get_phys_pages	legacy.lo	T	GLOBAL	0	8
getaddrinfo	getaddrinfo.lo	T	GLOBAL	0	3c8
getauxval	getauxval.lo	W	WEAK	0	58
getc	getc.lo	T	GLOBAL	0	44
getc_unlocked	getc_unlocked.lo	T	GLOBAL	0	24
getchar	getchar.lo	T	GLOBAL	0	50
getchar_unlocked	getchar_unlocked.lo	T	GLOBAL	0	28
getcwd	getcwd.lo	T	GLOBAL	0	a0
getdate	getdate.lo	T	GLOBAL	0	110
getdate_err	getdate.lo	B	GLOBAL	0	4
getdelim	getdelim.lo	T	GLOBAL	0	330
getdents	getdents.lo	T	GLOBAL	0	28
getdomainname	getdomainname.lo	T	GLOBAL	0	64
getdtablesize	getdtablesize.lo	T	GLOBAL	0	28
getegid	getegid.lo	T	GLOBAL	0	c
getentropy	getentropy.lo	T	GLOBAL	0	94
getenv	getenv.lo	T	GLOBAL	0	7c
geteuid	geteuid.lo	T	GLOBAL	0	c
getgid	getgid.lo	T	GLOBAL	0	c
getgrent	getgrent.lo	T	GLOBAL	0	6c
getgrgid	getgrent.lo	T	GLOBAL	0	44
getgrgid_r	getgr_r.lo	T	GLOBAL	0	1c
getgrnam	getgrent.lo	T	GLOBAL	0	40
getgrnam_r	getgr_r.lo	T	GLOBAL	0	18
getgrouplist	getgrouplist.lo	T	GLOBAL	0	2ec
getgroups	getgroups.lo	T	GLOBAL	0	1c
gethostbyaddr	gethostbyaddr.lo	T	GLOBAL	0	a8
gethostbyaddr_r	gethostbyaddr_r.lo	T	GLOBAL	0	1d4
gethostbyname	gethostbyname.lo	T	GLOBAL	0	8
gethostbyname2	gethostbyname2.lo	T	GLOBAL	0	98
gethostbyname2_r	gethostbyname2_r.lo	T	GLOBAL	0	228
gethostbyname_r	gethostbyname_r.lo	T	GLOBAL	0	1c
gethostent	ent.lo	T	GLOBAL	0	8
gethostid	gethostid.lo	T	GLOBAL	0	8
gethostname	gethostname.lo	T	GLOBAL	0	74
getifaddrs	getifaddrs.lo	T	GLOBAL	0	64
getitimer	getitimer.lo	T	GLOBAL	0	1c
getline	getline.lo	T	GLOBAL	0	c
getloadavg	getloadavg.lo	T	GLOBAL	0	74
getlogin	getlogin.lo	T	GLOBAL	0	c
getlogin_r	getlogin_r.lo	T	GLOBAL	0	54
getmntent	mntent.lo	T	GLOBAL	0	18
getmntent_r	mntent.lo	T	GLOBAL	0	1c4
getnameinfo	getnameinfo.lo	T	GLOBAL	0	650
getnetbyaddr	netname.lo	T	GLOBAL	0	8
getnetbyname	netname.lo	T	GLOBAL	0	8
getnetent	ent.lo	T	GLOBAL	0	8
getopt	getopt.lo	T	GLOBAL	0	2d4
getopt_long	getopt_long.lo	T	GLOBAL	0	8
getopt_long_only	getopt_long.lo	T	GLOBAL	0	8
getpagesize	getpagesize.lo	T	GLOBAL	0	c
getpass	getpass.lo	T	GLOBAL	0	160
getpeername	getpeername.lo	T	GLOBAL	0	28
getpgid	getpgid.lo	T	GLOBAL	0	1c
getpgrp	getpgrp.lo	T	GLOBAL	0	10
getpid	getpid.lo	T	GLOBAL	0	c
getppid	getppid.lo	T	GLOBAL	0	c
getpriority	getpriority.lo	T	GLOBAL	0	30
getprotobyname	proto.lo	T	GLOBAL	0	3c
getprotobynumber	proto.lo	T	GLOBAL	0	28
getprotoent	proto.lo	T	GLOBAL	0	6c
getpwent	getpwent.lo	T	GLOBAL	0	60
getpwnam	getpwent.lo	T	GLOBAL	0	34
getpwnam_r	getpw_r.lo	T	GLOBAL	0	18
getpwuid	getpwent.lo	T	GLOBAL	0	38
getpwuid_r	getpw_r.lo	T	GLOBAL	0	1c
getrandom	getrandom.lo	T	GLOBAL	0	2c
getresgid	getresgid.lo	T	GLOBAL	0	18
getresuid	getresuid.lo	T	GLOBAL	0	18
getrlimit	getrlimit.lo	T	GLOBAL	0	84
getrusage	getrusage.lo	T	GLOBAL	0	20
gets	gets.lo	T	GLOBAL	0	bc
getservbyname	getservbyname.lo	T	GLOBAL	0	34
getservbyname_r	getservbyname_r.lo	T	GLOBAL	0	154
getservbyport	getservbyport.lo	T	GLOBAL	0	34
getservbyport_r	getservbyport_r.lo	T	GLOBAL	0	1c8
getservent	serv.lo	T	GLOBAL	0	8
getsid	getsid.lo	T	GLOBAL	0	1c
getsockname	getsockname.lo	T	GLOBAL	0	28
getsockopt	getsockopt.lo	T	GLOBAL	0	2c
getspent	getspent.lo	T	GLOBAL	0	8
getspnam	getspnam.lo	T	GLOBAL	0	74
getspnam_r	getspnam_r.lo	T	GLOBAL	0	2c0
getsubopt	getsubopt.lo	T	GLOBAL	0	cc
gettext	textdomain.lo	T	GLOBAL	0	c
gettid	gettid.lo	T	GLOBAL	0	c
gettimeofday	gettimeofday.lo	T	GLOBAL	0	50
getuid	getuid.lo	T	GLOBAL	0	c
getusershell	getusershell.lo	T	GLOBAL	0	a4
getutent	utmpx.lo	W	WEAK	0	8
getutid	utmpx.lo	W	WEAK	0	8
getutline	utmpx.lo	W	WEAK	0	8
getutxent	utmpx.lo	T	GLOBAL	0	8
getutxid	utmpx.lo	T	GLOBAL	0	8
getutxline	utmpx.lo	T	GLOBAL	0	8
getw	getw.lo	T	GLOBAL	0	30
getwc	getwc.lo	T	GLOBAL	0	4
getwc_unlocked	fgetwc.lo	W	WEAK	0	148
getwchar	getwchar.lo	T	GLOBAL	0	c
getwchar_unlocked	getwchar.lo	W	WEAK	0	c
getxattr	xattr.lo	T	GLOBAL	0	c
glob	glob.lo	T	GLOBAL	0	438
globfree	glob.lo	T	GLOBAL	0	4c
gmtime	gmtime.lo	T	GLOBAL	0	c
gmtime_r	gmtime_r.lo	W	WEAK	0	44
grantpt	pty.lo	T	GLOBAL	0	8
h_errno	h_errno.lo	B	GLOBAL	0	4
hasmntopt	mntent.lo	T	GLOBAL	0	88
hcreate	hsearch.lo	T	GLOBAL	0	54
hcreate_r	hsearch.lo	W	WEAK	0	54
hdestroy	hsearch.lo	T	GLOBAL	0	2c
hdestroy_r	hsearch.lo	W	WEAK	0	2c
herror	herror.lo	T	GLOBAL	0	58
hsearch	hsearch.lo	T	GLOBAL	0	20
hsearch_r	hsearch.lo	W	WEAK	0	160
hstrerror	hstrerror.lo	T	GLOBAL	0	38
htonl	htonl.lo	T	GLOBAL	0	8
htons	htons.lo	T	GLOBAL	0	8
hypot	hypot.lo	T	GLOBAL	0	13c
hypotf	hypotf.lo	T	GLOBAL	0	e0
hypotl	hypotl.lo	T	GLOBAL	0	2f0
iconv	iconv.lo	T	GLOBAL	0	1440
iconv_close	iconv_close.lo	T	GLOBAL	0	20
iconv_open	iconv.lo	T	GLOBAL	0	a8
if_freenameindex	if_freenameindex.lo	T	GLOBAL	0	4
if_indextoname	if_indextoname.lo	T	GLOBAL	0	90
if_nameindex	if_nameindex.lo	T	GLOBAL	0	108
if_nametoindex	if_nametoindex.lo	T	GLOBAL	0	7c
ilogb	ilogb.lo	T	GLOBAL	0	58
ilogbf	ilogbf.lo	T	GLOBAL	0	58
ilogbl	ilogbl.lo	T	GLOBAL	0	a4
imaxabs	imaxabs.lo	T	GLOBAL	0	c
imaxdiv	imaxdiv.lo	T	GLOBAL	0	10
in6addr_any	in6addr_any.lo	R	GLOBAL	0	10
in6addr_loopback	in6addr_loopback.lo	R	GLOBAL	0	10
index	index.lo	T	GLOBAL	0	4
inet_addr	inet_addr.lo	T	GLOBAL	0	20
inet_aton	inet_aton.lo	W	WEAK	0	118
inet_lnaof	inet_legacy.lo	T	GLOBAL	0	24
inet_makeaddr	inet_legacy.lo	T	GLOBAL	0	28
inet_netof	inet_legacy.lo	T	GLOBAL	0	20
inet_network	inet_legacy.lo	T	GLOBAL	0	10
inet_ntoa	inet_ntoa.lo	T	GLOBAL	0	38
inet_ntop	inet_ntop.lo	T	GLOBAL	0	234
inet_pton	inet_pton.lo	T	GLOBAL	0	2b8
init_module	module.lo	T	GLOBAL	0	18
initgroups	initgroups.lo	T	GLOBAL	0	c8
initstate	random.lo	T	GLOBAL	0	100
inotify_add_watch	inotify.lo	T	GLOBAL	0	20
inotify_init	inotify.lo	T	GLOBAL	0	8
inotify_init1	inotify.lo	T	GLOBAL	0	20
inotify_rm_watch	inotify.lo	T	GLOBAL	0	20
insque	insque.lo	T	GLOBAL	0	28
ioctl	ioctl.lo	T	GLOBAL	0	40
isalnum	isalnum.lo	T	GLOBAL	0	28
isalnum_l	isalnum.lo	W	WEAK	0	4
isalpha	isalpha.lo	T	GLOBAL	0	14
isalpha_l	isalpha.lo	W	WEAK	0	4
isascii	isascii.lo	T	GLOBAL	0	c
isastream	isastream.lo	T	GLOBAL	0	18
isatty	isatty.lo	T	GLOBAL	0	28
isblank	isblank.lo	T	GLOBAL	0	10
isblank_l	isblank.lo	W	WEAK	0	4
iscntrl	iscntrl.lo	T	GLOBAL	0	10
iscntrl_l	iscntrl.lo	W	WEAK	0	4
isdigit	isdigit.lo	T	GLOBAL	0	10
isdigit_l	isdigit.lo	W	WEAK	0	4
isgraph	isgraph.lo	T	GLOBAL	0	10
isgraph_l	isgraph.lo	W	WEAK	0	4
islower	islower.lo	T	GLOBAL	0	10
islower_l	islower.lo	W	WEAK	0	4
isprint	isprint.lo	T	GLOBAL	0	10
isprint_l	isprint.lo	W	WEAK	0	4
ispunct	ispunct.lo	T	GLOBAL	0	2c
ispunct_l	ispunct.lo	W	WEAK	0	4
issetugid	issetugid.lo	T	GLOBAL	0	c
isspace	isspace.lo	T	GLOBAL	0	14
isspace_l	isspace.lo	W	WEAK	0	4
isupper	isupper.lo	T	GLOBAL	0	10
isupper_l	isupper.lo	W	WEAK	0	4
iswalnum	iswalnum.lo	T	GLOBAL	0	2c
iswalnum_l	iswalnum.lo	W	WEAK	0	4
iswalpha	iswalpha.lo	T	GLOBAL	0	4c
iswalpha_l	iswalpha.lo	W	WEAK	0	4
iswblank	iswblank.lo	T	GLOBAL	0	4
iswblank_l	iswblank.lo	W	WEAK	0	4
iswcntrl	iswcntrl.lo	T	GLOBAL	0	40
iswcntrl_l	iswcntrl.lo	W	WEAK	0	4
iswctype	iswctype.lo	T	GLOBAL	0	70
iswctype_l	iswctype.lo	W	WEAK	0	4
iswdigit	iswdigit.lo	T	GLOBAL	0	10
iswdigit_l	iswdigit.lo	W	WEAK	0	4
iswgraph	iswgraph.lo	T	GLOBAL	0	30
iswgraph_l	iswgraph.lo	W	WEAK	0	4
iswlower	iswlower.lo	T	GLOBAL	0	1c
iswlower_l	iswlower.lo	W	WEAK	0	4
iswprint	iswprint.lo	T	GLOBAL	0	80
iswprint_l	iswprint.lo	W	WEAK	0	4
iswpunct	iswpunct.lo	T	GLOBAL	0	40
iswpunct_l	iswpunct.lo	W	WEAK	0	4
iswspace	iswspace.lo	T	GLOBAL	0	2c
iswspace_l	iswspace.lo	W	WEAK	0	4
iswupper	iswupper.lo	T	GLOBAL	0	1c
iswupper_l	iswupper.lo	W	WEAK	0	4
iswxdigit	iswxdigit.lo	T	GLOBAL	0	28
iswxdigit_l	iswxdigit.lo	W	WEAK	0	4
isxdigit	isxdigit.lo	T	GLOBAL	0	28
isxdigit_l	isxdigit.lo	W	WEAK	0	4
j0	j0.lo	T	GLOBAL	0	130
j0f	j0f.lo	T	GLOBAL	0	144
j1	j1.lo	T	GLOBAL	0	10c
j1f	j1f.lo	T	GLOBAL	0	120
jn	jn.lo	T	GLOBAL	0	3e4
jnf	jnf.lo	T	GLOBAL	0	2fc
jrand48	mrand48.lo	T	GLOBAL	0	1c
kill	kill.lo	T	GLOBAL	0	20
killpg	killpg.lo	T	GLOBAL	0	28
klogctl	klogctl.lo	T	GLOBAL	0	20
l64a	a64l.lo	T	GLOBAL	0	34
labs	labs.lo	T	GLOBAL	0	c
lchmod	lchmod.lo	T	GLOBAL	0	14
lchown	lchown.lo	T	GLOBAL	0	2c
lckpwdf	lckpwdf.lo	T	GLOBAL	0	8
lcong48	lcong48.lo	T	GLOBAL	0	14
ldexp	ldexp.lo	T	GLOBAL	0	4
ldexpf	ldexpf.lo	T	GLOBAL	0	4
ldexpl	ldexpl.lo	T	GLOBAL	0	4
ldiv	ldiv.lo	T	GLOBAL	0	10
lfind	lsearch.lo	T	GLOBAL	0	70
lgamma	lgamma.lo	T	GLOBAL	0	c
lgamma_r	lgamma_r.lo	W	WEAK	0	7e8
lgammaf	lgammaf.lo	T	GLOBAL	0	c
lgammaf_r	lgammaf_r.lo	W	WEAK	0	894
lgammal	lgammal.lo	T	GLOBAL	0	c
lgammal_r	lgammal.lo	W	WEAK	0	20
lgetxattr	xattr.lo	T	GLOBAL	0	c
link	link.lo	T	GLOBAL	0	2c
linkat	linkat.lo	T	GLOBAL	0	24
lio_listio	lio_listio.lo	T	GLOBAL	0	1cc
listen	listen.lo	T	GLOBAL	0	30
listxattr	xattr.lo	T	GLOBAL	0	c
llabs	llabs.lo	T	GLOBAL	0	c
lldiv	lldiv.lo	T	GLOBAL	0	10
llistxattr	xattr.lo	T	GLOBAL	0	c
llrint	llrint.lo	T	GLOBAL	0	c
llrintf	llrintf.lo	T	GLOBAL	0	c
llrintl	llrintl.lo	T	GLOBAL	0	6c
llround	llround.lo	T	GLOBAL	0	8
llroundf	llroundf.lo	T	GLOBAL	0	8
llroundl	llroundl.lo	T	GLOBAL	0	14
localeconv	localeconv.lo	T	GLOBAL	0	c
localtime	localtime.lo	T	GLOBAL	0	c
localtime_r	localtime_r.lo	W	WEAK	0	88
lockf	lockf.lo	T	GLOBAL	0	d8
log	log.lo	T	GLOBAL	0	200
log10	log10.lo	T	GLOBAL	0	1f0
log10f	log10f.lo	T	GLOBAL	0	18c
log10l	log10l.lo	T	GLOBAL	0	18
log1p	log1p.lo	T	GLOBAL	0	1dc
log1pf	log1pf.lo	T	GLOBAL	0	1b0
log1pl	log1pl.lo	T	GLOBAL	0	18
log2	log2.lo	T	GLOBAL	0	1f4
log2f	log2f.lo	T	GLOBAL	0	f0
log2l	log2l.lo	T	GLOBAL	0	18
logb	logb.lo	T	GLOBAL	0	48
logbf	logbf.lo	T	GLOBAL	0	48
logbl	logbl.lo	T	GLOBAL	0	68
logf	logf.lo	T	GLOBAL	0	f0
login_tty	login_tty.lo	T	GLOBAL	0	78
logl	logl.lo	T	GLOBAL	0	18
longjmp	longjmp.lo	T	GLOBAL	0	-
lrand48	lrand48.lo	T	GLOBAL	0	c
lremovexattr	xattr.lo	T	GLOBAL	0	18
lrint	lrint.lo	T	GLOBAL	0	c
lrintf	lrintf.lo	T	GLOBAL	0	c
lrintl	lrintl.lo	T	GLOBAL	0	6c
lround	lround.lo	T	GLOBAL	0	8
lroundf	lroundf.lo	T	GLOBAL	0	8
lroundl	lroundl.lo	T	GLOBAL	0	14
lsearch	lsearch.lo	T	GLOBAL	0	a0
lseek	lseek.lo	W	WEAK	0	14
lsetxattr	xattr.lo	T	GLOBAL	0	1c
lstat	lstat.lo	T	GLOBAL	0	14
lutimes	lutimes.lo	T	GLOBAL	0	58
madvise	madvise.lo	W	WEAK	0	1c
malloc	lite_malloc.lo	W	WEAK	0	4
malloc_usable_size	malloc_usable_size.lo	T	GLOBAL	0	180
mblen	mblen.lo	T	GLOBAL	0	10
mbrlen	mbrlen.lo	T	GLOBAL	0	20
mbrtoc16	mbrtoc16.lo	T	GLOBAL	0	d4
mbrtoc32	mbrtoc32.lo	T	GLOBAL	0	68
mbrtowc	mbrtowc.lo	T	GLOBAL	0	120
mbsinit	mbsinit.lo	T	GLOBAL	0	1c
mbsnrtowcs	mbsnrtowcs.lo	T	GLOBAL	0	184
mbsrtowcs	mbsrtowcs.lo	T	GLOBAL	0	358
mbstowcs	mbstowcs.lo	T	GLOBAL	0	1c
mbtowc	mbtowc.lo	T	GLOBAL	0	124
memalign	memalign.lo	T	GLOBAL	0	4
membarrier	membarrier.lo	W	WEAK	0	15c
memccpy	memccpy.lo	T	GLOBAL	0	c4
memchr	memchr.lo	T	GLOBAL	0	bc
memcmp	memcmp.lo	T	GLOBAL	0	30
memcpy	memcpy.lo	T	GLOBAL	0	18c
memfd_create	memfd_create.lo	T	GLOBAL	0	1c
memmem	memmem.lo	T	GLOBAL	0	19c
memmove	memmove.lo	T	GLOBAL	0	114
mempcpy	mempcpy.lo	T	GLOBAL	0	18
memrchr	memrchr.lo	W	WEAK	0	110
memset	memset.lo	T	GLOBAL	0	104
mincore	mincore.lo	T	GLOBAL	0	18
mkdir	mkdir.lo	T	GLOBAL	0	24
mkdirat	mkdirat.lo	T	GLOBAL	0	20
mkdtemp	mkdtemp.lo	T	GLOBAL	0	b4
mkfifo	mkfifo.lo	T	GLOBAL	0	c
mkfifoat	mkfifoat.lo	T	GLOBAL	0	c
mknod	mknod.lo	T	GLOBAL	0	28
mknodat	mknodat.lo	T	GLOBAL	0	20
mkostemp	mkostemp.lo	T	GLOBAL	0	c
mkostemps	mkostemps.lo	W	WEAK	0	d4
mkstemp	mkstemp.lo	T	GLOBAL	0	c
mkstemps	mkstemps.lo	T	GLOBAL	0	8
mktemp	mktemp.lo	T	GLOBAL	0	a8
mktime	mktime.lo	T	GLOBAL	0	c4
mlock	mlock.lo	T	GLOBAL	0	18
mlock2	mlock2.lo	T	GLOBAL	0	24
mlockall	mlockall.lo	T	GLOBAL	0	1c
mmap	mmap.lo	W	WEAK	0	b0
modf	modf.lo	T	GLOBAL	0	6c
modff	modff.lo	T	GLOBAL	0	6c
modfl	modfl.lo	T	GLOBAL	0	1b4
mount	mount.lo	T	GLOBAL	0	18
mprotect	mprotect.lo	W	WEAK	0	40
mq_close	mq_close.lo	T	GLOBAL	0	1c
mq_getattr	mq_getattr.lo	T	GLOBAL	0	c
mq_notify	mq_notify.lo	T	GLOBAL	0	1bc
mq_open	mq_open.lo	T	GLOBAL	0	58
mq_receive	mq_receive.lo	T	GLOBAL	0	8
mq_send	mq_send.lo	T	GLOBAL	0	8
mq_setattr	mq_setattr.lo	T	GLOBAL	0	1c
mq_timedreceive	mq_timedreceive.lo	T	GLOBAL	0	2c
mq_timedsend	mq_timedsend.lo	T	GLOBAL	0	30
mq_unlink	mq_unlink.lo	T	GLOBAL	0	4c
mrand48	mrand48.lo	T	GLOBAL	0	c
mremap	mremap.lo	W	WEAK	0	84
msgctl	msgctl.lo	T	GLOBAL	0	24
msgget	msgget.lo	T	GLOBAL	0	20
msgrcv	msgrcv.lo	T	GLOBAL	0	2c
msgsnd	msgsnd.lo	T	GLOBAL	0	30
msync	msync.lo	T	GLOBAL	0	30
mtx_destroy	mtx_destroy.lo	T	GLOBAL	0	4
mtx_init	mtx_init.lo	T	GLOBAL	0	1c
mtx_lock	mtx_lock.lo	T	GLOBAL	0	34
mtx_timedlock	mtx_timedlock.lo	T	GLOBAL	0	24
mtx_trylock	mtx_trylock.lo	T	GLOBAL	0	50
mtx_unlock	mtx_unlock.lo	T	GLOBAL	0	4
munlock	munlock.lo	T	GLOBAL	0	18
munlockall	munlockall.lo	T	GLOBAL	0	18
munmap	munmap.lo	W	WEAK	0	24
name_to_handle_at	name_to_handle_at.lo	T	GLOBAL	0	20
nan	nan.lo	T	GLOBAL	0	c
nanf	nanf.lo	T	GLOBAL	0	c
nanl	nanl.lo	T	GLOBAL	0	10
nanosleep	nanosleep.lo	T	GLOBAL	0	2c
nearbyint	nearbyint.lo	T	GLOBAL	0	8
nearbyintf	nearbyintf.lo	T	GLOBAL	0	8
nearbyintl	nearbyintl.lo	T	GLOBAL	0	3c
newlocale	newlocale.lo	W	WEAK	0	1d8
nextafter	nextafter.lo	T	GLOBAL	0	94
nextafterf	nextafterf.lo	T	GLOBAL	0	98
nextafterl	nextafterl.lo	T	GLOBAL	0	158
nexttoward	nexttoward.lo	T	GLOBAL	0	104
nexttowardf	nexttowardf.lo	T	GLOBAL	0	f8
nexttowardl	nexttowardl.lo	T	GLOBAL	0	4
nftw	nftw.lo	T	GLOBAL	0	b4
ngettext	textdomain.lo	T	GLOBAL	0	14
nice	nice.lo	T	GLOBAL	0	84
nl_langinfo	langinfo.lo	W	WEAK	0	c
nl_langinfo_l	langinfo.lo	W	WEAK	0	100
nrand48	lrand48.lo	T	GLOBAL	0	1c
ns_get16	ns_parse.lo	T	GLOBAL	0	10
ns_get32	ns_parse.lo	T	GLOBAL	0	c
ns_initparse	ns_parse.lo	T	GLOBAL	0	f4
ns_name_uncompress	ns_parse.lo	T	GLOBAL	0	2c
ns_parserr	ns_parse.lo	T	GLOBAL	0	230
ns_put16	ns_parse.lo	T	GLOBAL	0	c
ns_put32	ns_parse.lo	T	GLOBAL	0	c
ns_skiprr	ns_parse.lo	T	GLOBAL	0	bc
ntohl	ntohl.lo	T	GLOBAL	0	8
ntohs	ntohs.lo	T	GLOBAL	0	8
open	open.lo	T	GLOBAL	0	94
open_by_handle_at	open_by_handle_at.lo	T	GLOBAL	0	20
open_memstream	open_memstream.lo	T	GLOBAL	0	104
open_wmemstream	open_wmemstream.lo	T	GLOBAL	0	108
openat	openat.lo	T	GLOBAL	0	6c
opendir	opendir.lo	T	GLOBAL	0	48
openlog	syslog.lo	T	GLOBAL	0	e4
openpty	openpty.lo	T	GLOBAL	0	12c
optarg	getopt.lo	B	GLOBAL	0	8
opterr	getopt.lo	D	GLOBAL	0	4
optind	getopt.lo	D	GLOBAL	0	4
optopt	getopt.lo	B	GLOBAL	0	4
optreset	getopt.lo	V	WEAK	0	4
pathconf	pathconf.lo	T	GLOBAL	0	8
pause	pause.lo	T	GLOBAL	0	30
pclose	pclose.lo	T	GLOBAL	0	4c
perror	perror.lo	T	GLOBAL	0	134
personality	personality.lo	T	GLOBAL	0	18
pipe	pipe.lo	T	GLOBAL	0	1c
pipe2	pipe2.lo	T	GLOBAL	0	c0
pivot_root	pivot_root.lo	T	GLOBAL	0	18
poll	poll.lo	T	GLOBAL	0	70
popen	popen.lo	T	GLOBAL	0	1f0
posix_close	posix_close.lo	T	GLOBAL	0	4
posix_fadvise	posix_fadvise.lo	T	GLOBAL	0	18
posix_fallocate	posix_fallocate.lo	T	GLOBAL	0	20
posix_getdents	posix_getdents.lo	T	GLOBAL	0	28
posix_madvise	posix_madvise.lo	T	GLOBAL	0	24
posix_memalign	posix_memalign.lo	T	GLOBAL	0	48
posix_openpt	pty.lo	T	GLOBAL	0	44
posix_spawn	posix_spawn.lo	T	GLOBAL	0	18c
posix_spawn_file_actions_addchdir_np	posix_spawn_file_actions_addchdir.lo	T	GLOBAL	0	70
posix_spawn_file_actions_addclose	posix_spawn_file_actions_addclose.lo	T	GLOBAL	0	60
posix_spawn_file_actions_adddup2	posix_spawn_file_actions_adddup2.lo	T	GLOBAL	0	70
posix_spawn_file_actions_addfchdir_np	posix_spawn_file_actions_addfchdir.lo	T	GLOBAL	0	60
posix_spawn_file_actions_addopen	posix_spawn_file_actions_addopen.lo	T	GLOBAL	0	8c
posix_spawn_file_actions_destroy	posix_spawn_file_actions_destroy.lo	T	GLOBAL	0	28
posix_spawn_file_actions_init	posix_spawn_file_actions_init.lo	T	GLOBAL	0	c
posix_spawnattr_destroy	posix_spawnattr_destroy.lo	T	GLOBAL	0	8
posix_spawnattr_getflags	posix_spawnattr_getflags.lo	T	GLOBAL	0	10
posix_spawnattr_getpgroup	posix_spawnattr_getpgroup.lo	T	GLOBAL	0	10
posix_spawnattr_getschedparam	posix_spawnattr_sched.lo	T	GLOBAL	0	8
posix_spawnattr_getschedpolicy	posix_spawnattr_sched.lo	T	GLOBAL	0	8
posix_spawnattr_getsigdefault	posix_spawnattr_getsigdefault.lo	T	GLOBAL	0	38
posix_spawnattr_getsigmask	posix_spawnattr_getsigmask.lo	T	GLOBAL	0	38
posix_spawnattr_init	posix_spawnattr_init.lo	T	GLOBAL	0	1c
posix_spawnattr_setflags	posix_spawnattr_setflags.lo	T	GLOBAL	0	20
posix_spawnattr_setpgroup	posix_spawnattr_setpgroup.lo	T	GLOBAL	0	c
posix_spawnattr_setschedparam	posix_spawnattr_sched.lo	T	GLOBAL	0	8
posix_spawnattr_setschedpolicy	posix_spawnattr_sched.lo	T	GLOBAL	0	8
posix_spawnattr_setsigdefault	posix_spawnattr_setsigdefault.lo	T	GLOBAL	0	38
posix_spawnattr_setsigmask	posix_spawnattr_setsigmask.lo	T	GLOBAL	0	38
posix_spawnp	posix_spawnp.lo	T	GLOBAL	0	6c
pow	pow.lo	T	GLOBAL	0	4c8
pow10	exp10.lo	W	WEAK	0	90
pow10f	exp10f.lo	W	WEAK	0	a0
pow10l	exp10l.lo	W	WEAK	0	bc
powf	powf.lo	T	GLOBAL	0	2c8
powl	powl.lo	T	GLOBAL	0	34
ppoll	ppoll.lo	T	GLOBAL	0	40
prctl	prctl.lo	T	GLOBAL	0	40
pread	pread.lo	T	GLOBAL	0	2c
preadv	preadv.lo	T	GLOBAL	0	2c
preadv2	preadv2.lo	T	GLOBAL	0	68
printf	printf.lo	T	GLOBAL	0	78
prlimit	prlimit.lo	T	GLOBAL	0	20
process_vm_readv	process_vm.lo	T	GLOBAL	0	10
process_vm_writev	process_vm.lo	T	GLOBAL	0	10
program_invocation_name	libc.lo	V	WEAK	0	8
program_invocation_short_name	libc.lo	V	WEAK	0	8
pselect	pselect.lo	T	GLOBAL	0	4c
psiginfo	psiginfo.lo	T	GLOBAL	0	8
psignal	psignal.lo	T	GLOBAL	0	d4
pthread_atfork	pthread_atfork.lo	T	GLOBAL	0	78
pthread_attr_destroy	pthread_attr_destroy.lo	T	GLOBAL	0	8
pthread_attr_getdetachstate	pthread_attr_get.lo	T	GLOBAL	0	10
pthread_attr_getguardsize	pthread_attr_get.lo	T	GLOBAL	0	10
pthread_attr_getinheritsched	pthread_attr_get.lo	T	GLOBAL	0	10
pthread_attr_getschedparam	pthread_attr_get.lo	T	GLOBAL	0	10
pthread_attr_getschedpolicy	pthread_attr_get.lo	T	GLOBAL	0	10
pthread_attr_getscope	pthread_attr_get.lo	T	GLOBAL	0	c
pthread_attr_getstack	pthread_attr_get.lo	T	GLOBAL	0	28
pthread_attr_getstacksize	pthread_attr_get.lo	T	GLOBAL	0	10
pthread_attr_init	pthread_attr_init.lo	T	GLOBAL	0	40
pthread_attr_setdetachstate	pthread_attr_setdetachstate.lo	T	GLOBAL	0	1c
pthread_attr_setguardsize	pthread_attr_setguardsize.lo	T	GLOBAL	0	20
pthread_attr_setinheritsched	pthread_attr_setinheritsched.lo	T	GLOBAL	0	1c
pthread_attr_setschedparam	pthread_attr_setschedparam.lo	T	GLOBAL	0	10
pthread_attr_setschedpolicy	pthread_attr_setschedpolicy.lo	T	GLOBAL	0	c
pthread_attr_setscope	pthread_attr_setscope.lo	T	GLOBAL	0	1c
pthread_attr_setstack	pthread_attr_setstack.lo	T	GLOBAL	0	2c
pthread_attr_setstacksize	pthread_attr_setstacksize.lo	T	GLOBAL	0	28
pthread_barrier_destroy	pthread_barrier_destroy.lo	T	GLOBAL	0	60
pthread_barrier_init	pthread_barrier_init.lo	T	GLOBAL	0	34
pthread_barrier_wait	pthread_barrier_wait.lo	T	GLOBAL	0	44c
pthread_barrierattr_destroy	pthread_barrierattr_destroy.lo	T	GLOBAL	0	8
pthread_barrierattr_getpshared	pthread_attr_get.lo	T	GLOBAL	0	18
pthread_barrierattr_init	pthread_barrierattr_init.lo	T	GLOBAL	0	c
pthread_barrierattr_setpshared	pthread_barrierattr_setpshared.lo	T	GLOBAL	0	20
pthread_cancel	pthread_cancel.lo	T	GLOBAL	0	cc
pthread_cond_broadcast	pthread_cond_broadcast.lo	T	GLOBAL	0	60
pthread_cond_destroy	pthread_cond_destroy.lo	T	GLOBAL	0	98
pthread_cond_init	pthread_cond_init.lo	T	GLOBAL	0	34
pthread_cond_signal	pthread_cond_signal.lo	T	GLOBAL	0	60
pthread_cond_timedwait	pthread_cond_timedwait.lo	W	WEAK	0	600
pthread_cond_wait	pthread_cond_wait.lo	T	GLOBAL	0	8
pthread_condattr_destroy	pthread_condattr_destroy.lo	T	GLOBAL	0	8
pthread_condattr_getclock	pthread_attr_get.lo	T	GLOBAL	0	14
pthread_condattr_getpshared	pthread_attr_get.lo	T	GLOBAL	0	14
pthread_condattr_init	pthread_condattr_init.lo	T	GLOBAL	0	c
pthread_condattr_setclock	pthread_condattr_setclock.lo	T	GLOBAL	0	30
pthread_condattr_setpshared	pthread_condattr_setpshared.lo	T	GLOBAL	0	28
pthread_create	pthread_create.lo	W	WEAK	0	588
pthread_detach	pthread_detach.lo	W	WEAK	0	60
pthread_equal	pthread_equal.lo	W	WEAK	0	c
pthread_exit	pthread_create.lo	W	WEAK	0	1c8
pthread_getaffinity_np	affinity.lo	T	GLOBAL	0	4c
pthread_getattr_default_np	pthread_setattr_default_np.lo	T	GLOBAL	0	3c
pthread_getattr_np	pthread_getattr_np.lo	T	GLOBAL	0	c4
pthread_getconcurrency	pthread_getconcurrency.lo	T	GLOBAL	0	8
pthread_getcpuclockid	pthread_getcpuclockid.lo	T	GLOBAL	0	1c
pthread_getname_np	pthread_getname_np.lo	T	GLOBAL	0	108
pthread_getschedparam	pthread_getschedparam.lo	T	GLOBAL	0	84
pthread_getspecific	pthread_getspecific.lo	W	WEAK	0	10
pthread_join	pthread_join.lo	W	WEAK	0	8
pthread_key_create	pthread_key_create.lo	W	WEAK	0	a8
pthread_key_delete	pthread_key_create.lo	W	WEAK	0	80
pthread_kill	pthread_kill.lo	T	GLOBAL	0	74
pthread_mutex_consistent	pthread_mutex_consistent.lo	T	GLOBAL	0	50
pthread_mutex_destroy	pthread_mutex_destroy.lo	T	GLOBAL	0	28
pthread_mutex_getprioceiling	pthread_mutex_getprioceiling.lo	T	GLOBAL	0	8
pthread_mutex_init	pthread_mutex_init.lo	T	GLOBAL	0	20
pthread_mutex_lock	pthread_mutex_lock.lo	W	WEAK	0	38
pthread_mutex_setprioceiling	pthread_mutex_setprioceiling.lo	T	GLOBAL	0	8
pthread_mutex_timedlock	pthread_mutex_timedlock.lo	W	WEAK	0	248
pthread_mutex_trylock	pthread_mutex_trylock.lo	W	WEAK	0	38
pthread_mutex_unlock	pthread_mutex_unlock.lo	W	WEAK	0	1b4
pthread_mutexattr_destroy	pthread_mutexattr_destroy.lo	T	GLOBAL	0	8
pthread_mutexattr_getprotocol	pthread_attr_get.lo	T	GLOBAL	0	14
pthread_mutexattr_getpshared	pthread_attr_get.lo	T	GLOBAL	0	14
pthread_mutexattr_getrobust	pthread_attr_get.lo	T	GLOBAL	0	14
pthread_mutexattr_gettype	pthread_attr_get.lo	T	GLOBAL	0	14
pthread_mutexattr_init	pthread_mutexattr_init.lo	T	GLOBAL	0	c
pthread_mutexattr_setprotocol	pthread_mutexattr_setprotocol.lo	T	GLOBAL	0	a0
pthread_mutexattr_setpshared	pthread_mutexattr_setpshared.lo	T	GLOBAL	0	28
pthread_mutexattr_setrobust	pthread_mutexattr_setrobust.lo	T	GLOBAL	0	8c
pthread_mutexattr_settype	pthread_mutexattr_settype.lo	T	GLOBAL	0	28
pthread_once	pthread_once.lo	W	WEAK	0	1c
pthread_rwlock_destroy	pthread_rwlock_destroy.lo	T	GLOBAL	0	8
pthread_rwlock_init	pthread_rwlock_init.lo	T	GLOBAL	0	28
pthread_rwlock_rdlock	pthread_rwlock_rdlock.lo	W	WEAK	0	8
pthread_rwlock_timedrdlock	pthread_rwlock_timedrdlock.lo	W	WEAK	0	e8
pthread_rwlock_timedwrlock	pthread_rwlock_timedwrlock.lo	W	WEAK	0	cc
pthread_rwlock_tryrdlock	pthread_rwlock_tryrdlock.lo	W	WEAK	0	58
pthread_rwlock_trywrlock	pthread_rwlock_trywrlock.lo	W	WEAK	0	28
pthread_rwlock_unlock	pthread_rwlock_unlock.lo	W	WEAK	0	94
pthread_rwlock_wrlock	pthread_rwlock_wrlock.lo	W	WEAK	0	8
pthread_rwlockattr_destroy	pthread_rwlockattr_destroy.lo	T	GLOBAL	0	8
pthread_rwlockattr_getpshared	pthread_attr_get.lo	T	GLOBAL	0	10
pthread_rwlockattr_init	pthread_rwlockattr_init.lo	T	GLOBAL	0	c
pthread_rwlockattr_setpshared	pthread_rwlockattr_setpshared.lo	T	GLOBAL	0	1c
pthread_self	pthread_self.lo	W	WEAK	0	c
pthread_setaffinity_np	affinity.lo	T	GLOBAL	0	14
pthread_setattr_default_np	pthread_setattr_default_np.lo	T	GLOBAL	0	ac
pthread_setcancelstate	pthread_setcancelstate.lo	W	WEAK	0	34
pthread_setcanceltype	pthread_setcanceltype.lo	T	GLOBAL	0	4c
pthread_setconcurrency	pthread_setconcurrency.lo	T	GLOBAL	0	18
pthread_setname_np	pthread_setname_np.lo	T	GLOBAL	0	104
pthread_setschedparam	pthread_setschedparam.lo	T	GLOBAL	0	74
pthread_setschedprio	pthread_setschedprio.lo	T	GLOBAL	0	64
pthread_setspecific	pthread_setspecific.lo	T	GLOBAL	0	34
pthread_sigmask	pthread_sigmask.lo	T	GLOBAL	0	40
pthread_spin_destroy	pthread_spin_destroy.lo	T	GLOBAL	0	8
pthread_spin_init	pthread_spin_init.lo	T	GLOBAL	0	c
pthread_spin_lock	pthread_spin_lock.lo	T	GLOBAL	0	30
pthread_spin_trylock	pthread_spin_trylock.lo	T	GLOBAL	0	24
pthread_spin_unlock	pthread_spin_unlock.lo	T	GLOBAL	0	14
pthread_testcancel	pthread_testcancel.lo	W	WEAK	0	4
pthread_timedjoin_np	pthread_join.lo	W	WEAK	0	dc
pthread_tryjoin_np	pthread_join.lo	W	WEAK	0	1c
ptrace	ptrace.lo	T	GLOBAL	0	64
ptsname	ptsname.lo	T	GLOBAL	0	3c
ptsname_r	pty.lo	W	WEAK	0	6c
putc	putc.lo	T	GLOBAL	0	64
putc_unlocked	putc_unlocked.lo	T	GLOBAL	0	40
putchar	putchar.lo	T	GLOBAL	0	68
putchar_unlocked	putchar_unlocked.lo	T	GLOBAL	0	44
putenv	putenv.lo	T	GLOBAL	0	3c
putgrent	putgrent.lo	T	GLOBAL	0	d4
putpwent	putpwent.lo	T	GLOBAL	0	40
puts	puts.lo	T	GLOBAL	0	d0
putspent	putspent.lo	T	GLOBAL	0	124
pututline	utmpx.lo	W	WEAK	0	8
pututxline	utmpx.lo	T	GLOBAL	0	8
putw	putw.lo	T	GLOBAL	0	28
putwc	putwc.lo	T	GLOBAL	0	4
putwc_unlocked	fputwc.lo	W	WEAK	0	11c
putwchar	putwchar.lo	T	GLOBAL	0	c
putwchar_unlocked	putwchar.lo	W	WEAK	0	c
pwrite	pwrite.lo	T	GLOBAL	0	b8
pwritev	pwritev.lo	T	GLOBAL	0	b0
pwritev2	pwritev2.lo	T	GLOBAL	0	68
qsort	qsort_nr.lo	T	GLOBAL	0	10
qsort_r	qsort.lo	W	WEAK	0	328
quick_exit	quick_exit.lo	T	GLOBAL	0	14
quotactl	quotactl.lo	T	GLOBAL	0	20
raise	raise.lo	T	GLOBAL	0	40
rand	rand.lo	T	GLOBAL	0	2c
rand_r	rand_r.lo	T	GLOBAL	0	44
random	random.lo	T	GLOBAL	0	a8
read	read.lo	T	GLOBAL	0	2c
readahead	readahead.lo	T	GLOBAL	0	10
readdir	readdir.lo	T	GLOBAL	0	9c
readdir_r	readdir_r.lo	T	GLOBAL	0	98
readlink	readlink.lo	T	GLOBAL	0	58
readlinkat	readlinkat.lo	T	GLOBAL	0	40
readv	readv.lo	T	GLOBAL	0	2c
realloc	realloc.lo	T	GLOBAL	0	4
reallocarray	reallocarray.lo	T	GLOBAL	0	30
realpath	realpath.lo	T	GLOBAL	0	498
reboot	reboot.lo	T	GLOBAL	0	2c
recv	recv.lo	T	GLOBAL	0	c
recvfrom	recvfrom.lo	T	GLOBAL	0	2c
recvmmsg	recvmmsg.lo	T	GLOBAL	0	58
recvmsg	recvmsg.lo	T	GLOBAL	0	78
regcomp	regcomp.lo	T	GLOBAL	0	1640
regerror	regerror.lo	T	GLOBAL	0	88
regexec	regexec.lo	T	GLOBAL	0	1660
regfree	regcomp.lo	T	GLOBAL	0	130
remainder	remainder.lo	T	GLOBAL	0	14
remainderf	remainderf.lo	T	GLOBAL	0	14
remainderl	remainderl.lo	T	GLOBAL	0	14
remap_file_pages	remap_file_pages.lo	T	GLOBAL	0	20
remove	remove.lo	T	GLOBAL	0	48
removexattr	xattr.lo	T	GLOBAL	0	18
remque	insque.lo	T	GLOBAL	0	24
remquo	remquo.lo	T	GLOBAL	0	1fc
remquof	remquof.lo	T	GLOBAL	0	208
remquol	remquol.lo	T	GLOBAL	0	3e4
rename	rename.lo	T	GLOBAL	0	28
renameat	renameat.lo	T	GLOBAL	0	20
renameat2	renameat2.lo	T	GLOBAL	0	38
res_init	res_init.lo	T	GLOBAL	0	8
res_mkquery	res_mkquery.lo	W	WEAK	0	1a8
res_query	res_query.lo	T	GLOBAL	0	cc
res_querydomain	res_querydomain.lo	T	GLOBAL	0	c0
res_search	res_query.lo	W	WEAK	0	cc
res_send	res_send.lo	W	WEAK	0	e0
rewind	rewind.lo	T	GLOBAL	0	74
rewinddir	rewinddir.lo	T	GLOBAL	0	34
rindex	rindex.lo	T	GLOBAL	0	4
rint	rint.lo	T	GLOBAL	0	8
rintf	rintf.lo	T	GLOBAL	0	8
rintl	rintl.lo	T	GLOBAL	0	98
rmdir	rmdir.lo	T	GLOBAL	0	24
round	round.lo	T	GLOBAL	0	8
roundf	roundf.lo	T	GLOBAL	0	8
roundl	roundl.lo	T	GLOBAL	0	144
sbrk	sbrk.lo	T	GLOBAL	0	18
scalb	scalb.lo	T	GLOBAL	0	c8
scalbf	scalbf.lo	T	GLOBAL	0	c8
scalbln	scalbln.lo	T	GLOBAL	0	1c
scalblnf	scalblnf.lo	T	GLOBAL	0	1c
scalblnl	scalblnl.lo	T	GLOBAL	0	1c
scalbn	scalbn.lo	T	GLOBAL	0	84
scalbnf	scalbnf.lo	T	GLOBAL	0	80
scalbnl	scalbnl.lo	T	GLOBAL	0	fc
scandir	scandir.lo	T	GLOBAL	0	168
scanf	scanf.lo	T	GLOBAL	0	6c
sched_get_priority_max	sched_get_priority_max.lo	T	GLOBAL	0	1c
sched_get_priority_min	sched_get_priority_max.lo	T	GLOBAL	0	1c
sched_getaffinity	affinity.lo	T	GLOBAL	0	4c
sched_getcpu	sched_getcpu.lo	T	GLOBAL	0	34
sched_getparam	sched_getparam.lo	T	GLOBAL	0	14
sched_getscheduler	sched_getscheduler.lo	T	GLOBAL	0	14
sched_rr_get_interval	sched_rr_get_interval.lo	T	GLOBAL	0	1c
sched_setaffinity	affinity.lo	T	GLOBAL	0	1c
sched_setparam	sched_setparam.lo	T	GLOBAL	0	14
sched_setscheduler	sched_setscheduler.lo	T	GLOBAL	0	14
sched_yield	sched_yield.lo	T	GLOBAL	0	18
secure_getenv	secure_getenv.lo	T	GLOBAL	0	18
seed48	seed48.lo	T	GLOBAL	0	44
seekdir	seekdir.lo	T	GLOBAL	0	38
select	select.lo	T	GLOBAL	0	c4
sem_close	sem_open.lo	T	GLOBAL	0	8c
sem_destroy	sem_destroy.lo	T	GLOBAL	0	8
sem_getvalue	sem_getvalue.lo	T	GLOBAL	0	14
sem_init	sem_init.lo	T	GLOBAL	0	40
sem_open	sem_open.lo	T	GLOBAL	0	440
sem_post	sem_post.lo	T	GLOBAL	0	c0
sem_timedwait	sem_timedwait.lo	T	GLOBAL	0	108
sem_trywait	sem_trywait.lo	T	GLOBAL	0	50
sem_unlink	sem_unlink.lo	T	GLOBAL	0	4
sem_wait	sem_wait.lo	T	GLOBAL	0	8
semctl	semctl.lo	T	GLOBAL	0	70
semget	semget.lo	T	GLOBAL	0	3c
semop	semop.lo	T	GLOBAL	0	1c
semtimedop	semtimedop.lo	T	GLOBAL	0	1c
send	send.lo	T	GLOBAL	0	c
sendfile	sendfile.lo	T	GLOBAL	0	14
sendmmsg	sendmmsg.lo	T	GLOBAL	0	7c
sendmsg	sendmsg.lo	T	GLOBAL	0	114
sendto	sendto.lo	T	GLOBAL	0	2c
setbuf	setbuf.lo	T	GLOBAL	0	14
setbuffer	setbuffer.lo	T	GLOBAL	0	14
setdomainname	setdomainname.lo	T	GLOBAL	0	18
setegid	setegid.lo	T	GLOBAL	0	14
setenv	setenv.lo	T	GLOBAL	0	e8
seteuid	seteuid.lo	T	GLOBAL	0	14
setfsgid	setfsgid.lo	T	GLOBAL	0	1c
setfsuid	setfsuid.lo	T	GLOBAL	0	1c
setgid	setgid.lo	T	GLOBAL	0	14
setgrent	getgrent.lo	T	GLOBAL	0	20
setgroups	setgroups.lo	T	GLOBAL	0	30
sethostent	ent.lo	T	GLOBAL	0	4
sethostname	sethostname.lo	T	GLOBAL	0	18
setitimer	setitimer.lo	T	GLOBAL	0	1c
setjmp	setjmp.lo	T	GLOBAL	0	-
setkey	encrypt.lo	T	GLOBAL	0	74
setlinebuf	setlinebuf.lo	T	GLOBAL	0	10
setlocale	setlocale.lo	T	GLOBAL	0	240
setlogmask	syslog.lo	T	GLOBAL	0	40
setmntent	mntent.lo	T	GLOBAL	0	4
setnetent	ent.lo	W	WEAK	0	4
setns	setns.lo	T	GLOBAL	0	20
setpgid	setpgid.lo	T	GLOBAL	0	20
setpgrp	setpgrp.lo	T	GLOBAL	0	c
setpriority	setpriority.lo	T	GLOBAL	0	24
setprotoent	proto.lo	T	GLOBAL	0	c
setpwent	getpwent.lo	T	GLOBAL	0	20
setregid	setregid.lo	T	GLOBAL	0	14
setresgid	setresgid.lo	T	GLOBAL	0	14
setresuid	setresuid.lo	T	GLOBAL	0	14
setreuid	setreuid.lo	T	GLOBAL	0	14
setrlimit	setrlimit.lo	T	GLOBAL	0	88
setservent	serv.lo	T	GLOBAL	0	4
setsid	setsid.lo	T	GLOBAL	0	18
setsockopt	setsockopt.lo	T	GLOBAL	0	30
setspent	getspent.lo	T	GLOBAL	0	4
setstate	random.lo	T	GLOBAL	0	84
settimeofday	settimeofday.lo	T	GLOBAL	0	5c
setuid	setuid.lo	T	GLOBAL	0	14
setusershell	getusershell.lo	T	GLOBAL	0	54
setutent	utmpx.lo	W	WEAK	0	4
setutxent	utmpx.lo	T	GLOBAL	0	4
setvbuf	setvbuf.lo	T	GLOBAL	0	70
setxattr	xattr.lo	T	GLOBAL	0	1c
shm_open	shm_open.lo	T	GLOBAL	0	6c
shm_unlink	shm_open.lo	T	GLOBAL	0	2c
shmat	shmat.lo	T	GLOBAL	0	14
shmctl	shmctl.lo	T	GLOBAL	0	24
shmdt	shmdt.lo	T	GLOBAL	0	18
shmget	shmget.lo	T	GLOBAL	0	28
shutdown	shutdown.lo	T	GLOBAL	0	30
sigaction	sigaction.lo	W	WEAK	0	98
sigaddset	sigaddset.lo	T	GLOBAL	0	50
sigaltstack	sigaltstack.lo	T	GLOBAL	0	70
sigandset	sigandset.lo	T	GLOBAL	0	18
sigdelset	sigdelset.lo	T	GLOBAL	0	50
sigemptyset	sigemptyset.lo	T	GLOBAL	0	c
sigfillset	sigfillset.lo	T	GLOBAL	0	10
sighold	sighold.lo	T	GLOBAL	0	40
sigignore	sigignore.lo	T	GLOBAL	0	34
siginterrupt	siginterrupt.lo	T	GLOBAL	0	50
sigisemptyset	sigisemptyset.lo	T	GLOBAL	0	10
sigismember	sigismember.lo	T	GLOBAL	0	24
siglongjmp	siglongjmp.lo	T	GLOBAL	0	8
signal	signal.lo	T	GLOBAL	0	50
signalfd	signalfd.lo	T	GLOBAL	0	28
signgam	signgam.lo	V	WEAK	0	4
significand	significand.lo	T	GLOBAL	0	1c
significandf	significandf.lo	T	GLOBAL	0	1c
sigorset	sigorset.lo	T	GLOBAL	0	18
sigpause	sigpause.lo	T	GLOBAL	0	48
sigpending	sigpending.lo	T	GLOBAL	0	1c
sigprocmask	sigprocmask.lo	T	GLOBAL	0	34
sigqueue	sigqueue.lo	T	GLOBAL	0	88
sigrelse	sigrelse.lo	T	GLOBAL	0	40
sigset	sigset.lo	T	GLOBAL	0	d0
sigsetjmp	sigsetjmp.lo	T	GLOBAL	0	-
sigsuspend	sigsuspend.lo	T	GLOBAL	0	30
sigtimedwait	sigtimedwait.lo	T	GLOBAL	0	50
sigwait	sigwait.lo	T	GLOBAL	0	34
sigwaitinfo	sigwaitinfo.lo	T	GLOBAL	0	8
sin	sin.lo	T	GLOBAL	0	d4
sincos	sincos.lo	T	GLOBAL	0	15c
sincosf	sincosf.lo	T	GLOBAL	0	2a4
sincosl	sincosl.lo	T	GLOBAL	0	170
sinf	sinf.lo	T	GLOBAL	0	1a0
sinh	sinh.lo	T	GLOBAL	0	bc
sinhf	sinhf.lo	T	GLOBAL	0	b4
sinhl	sinhl.lo	T	GLOBAL	0	18
sinl	sinl.lo	T	GLOBAL	0	11c
sleep	sleep.lo	T	GLOBAL	0	2c
snprintf	snprintf.lo	T	GLOBAL	0	68
sockatmark	sockatmark.lo	T	GLOBAL	0	28
socket	socket.lo	T	GLOBAL	0	b8
socketpair	socketpair.lo	T	GLOBAL	0	fc
splice	splice.lo	T	GLOBAL	0	18
sprintf	sprintf.lo	T	GLOBAL	0	68
sqrt	sqrt.lo	T	GLOBAL	0	8
sqrtf	sqrtf.lo	T	GLOBAL	0	8
sqrtl	sqrtl.lo	T	GLOBAL	0	3c0
srand	rand.lo	T	GLOBAL	0	10
srand48	srand48.lo	T	GLOBAL	0	20
srandom	random.lo	T	GLOBAL	0	30
sscanf	sscanf.lo	T	GLOBAL	0	68
stat	stat.lo	T	GLOBAL	0	14
statfs	statvfs.lo	W	WEAK	0	30
statvfs	statvfs.lo	T	GLOBAL	0	98
statx	statx.lo	T	GLOBAL	0	138
stderr	stderr.lo	D	GLOBAL	0	8
stdin	stdin.lo	D	GLOBAL	0	8
stdout	stdout.lo	D	GLOBAL	0	8
stime	stime.lo	T	GLOBAL	0	20
stpcpy	stpcpy.lo	W	WEAK	0	70
stpncpy	stpncpy.lo	W	WEAK	0	d0
strcasecmp	strcasecmp.lo	T	GLOBAL	0	78
strcasecmp_l	strcasecmp.lo	W	WEAK	0	4
strcasestr	strcasestr.lo	T	GLOBAL	0	5c
strcat	strcat.lo	T	GLOBAL	0	28
strchr	strchr.lo	T	GLOBAL	0	20
strchrnul	strchrnul.lo	W	WEAK	0	ac
strcmp	strcmp.lo	T	GLOBAL	0	28
strcoll	strcoll.lo	T	GLOBAL	0	c
strcoll_l	strcoll.lo	W	WEAK	0	4
strcpy	strcpy.lo	T	GLOBAL	0	18
strcspn	strcspn.lo	T	GLOBAL	0	ac
strdup	strdup.lo	T	GLOBAL	0	40
strerror	strerror.lo	T	GLOBAL	0	c
strerror_l	strerror.lo	W	WEAK	0	34
strerror_r	strerror_r.lo	T	GLOBAL	0	74
strfmon	strfmon.lo	T	GLOBAL	0	68
strfmon_l	strfmon.lo	T	GLOBAL	0	60
strftime	strftime.lo	T	GLOBAL	0	c
strftime_l	strftime.lo	W	WEAK	0	37c
strlcat	strlcat.lo	T	GLOBAL	0	60
strlcpy	strlcpy.lo	T	GLOBAL	0	d8
strlen	strlen.lo	T	GLOBAL	0	5c
strncasecmp	strncasecmp.lo	T	GLOBAL	0	a0
strncasecmp_l	strncasecmp.lo	W	WEAK	0	4
strncat	strncat.lo	T	GLOBAL	0	54
strncmp	strncmp.lo	T	GLOBAL	0	3c
strncpy	strncpy.lo	T	GLOBAL	0	18
strndup	strndup.lo	T	GLOBAL	0	44
strnlen	strnlen.lo	T	GLOBAL	0	30
strpbrk	strpbrk.lo	T	GLOBAL	0	24
strptime	strptime.lo	T	GLOBAL	0	844
strrchr	strrchr.lo	T	GLOBAL	0	24
strsep	strsep.lo	T	GLOBAL	0	48
strsignal	strsignal.lo	T	GLOBAL	0	3c
strspn	strspn.lo	T	GLOBAL	0	ac
strstr	strstr.lo	T	GLOBAL	0	134
strtod	strtod.lo	T	GLOBAL	0	18
strtod_l	strtod_l.lo	T	GLOBAL	0	4
strtof	strtod.lo	T	GLOBAL	0	18
strtof_l	strtod_l.lo	T	GLOBAL	0	4
strtoimax	strtol.lo	T	GLOBAL	0	4
strtok	strtok.lo	T	GLOBAL	0	88
strtok_r	strtok_r.lo	T	GLOBAL	0	80
strtol	strtol.lo	T	GLOBAL	0	74
strtold	strtod.lo	T	GLOBAL	0	8
strtold_l	strtod_l.lo	T	GLOBAL	0	4
strtoll	strtol.lo	T	GLOBAL	0	74
strtoul	strtol.lo	T	GLOBAL	0	78
strtoull	strtol.lo	T	GLOBAL	0	78
strtoumax	strtol.lo	T	GLOBAL	0	4
strverscmp	strverscmp.lo	T	GLOBAL	0	f4
strxfrm	strxfrm.lo	T	GLOBAL	0	c
strxfrm_l	strxfrm.lo	W	WEAK	0	54
swab	swab.lo	T	GLOBAL	0	2c
swapoff	swap.lo	T	GLOBAL	0	18
swapon	swap.lo	T	GLOBAL	0	1c
swprintf	swprintf.lo	T	GLOBAL	0	68
swscanf	swscanf.lo	T	GLOBAL	0	68
symlink	symlink.lo	T	GLOBAL	0	20
symlinkat	symlinkat.lo	T	GLOBAL	0	1c
sync	sync.lo	T	GLOBAL	0	c
sync_file_range	sync_file_range.lo	T	GLOBAL	0	20
syncfs	syncfs.lo	T	GLOBAL	0	1c
syscall	syscall.lo	T	GLOBAL	0	58
sysconf	sysconf.lo	T	GLOBAL	0	21c
sysinfo	sysinfo.lo	W	WEAK	0	18
syslog	syslog.lo	T	GLOBAL	0	68
system	system.lo	T	GLOBAL	0	1e0
tan	tan.lo	T	GLOBAL	0	98
tanf	tanf.lo	T	GLOBAL	0	158
tanh	tanh.lo	T	GLOBAL	0	d4
tanhf	tanhf.lo	T	GLOBAL	0	cc
tanhl	tanhl.lo	T	GLOBAL	0	18
tanl	tanl.lo	T	GLOBAL	0	c8
tcdrain	tcdrain.lo	T	GLOBAL	0	30
tcflow	tcflow.lo	T	GLOBAL	0	c
tcflush	tcflush.lo	T	GLOBAL	0	c
tcgetattr	tcgetattr.lo	T	GLOBAL	0	20
tcgetpgrp	tcgetpgrp.lo	T	GLOBAL	0	28
tcgetsid	tcgetsid.lo	T	GLOBAL	0	28
tcgetwinsize	tcgetwinsize.lo	T	GLOBAL	0	24
tcsendbreak	tcsendbreak.lo	T	GLOBAL	0	c
tcsetattr	tcsetattr.lo	T	GLOBAL	0	30
tcsetpgrp	tcsetpgrp.lo	T	GLOBAL	0	1c
tcsetwinsize	tcsetwinsize.lo	T	GLOBAL	0	24
tdelete	tdelete.lo	T	GLOBAL	0	138
tdestroy	tdestroy.lo	T	GLOBAL	0	48
tee	tee.lo	T	GLOBAL	0	18
telldir	telldir.lo	T	GLOBAL	0	8
tempnam	tempnam.lo	T	GLOBAL	0	118
textdomain	textdomain.lo	T	GLOBAL	0	80
tfind	tfind.lo	T	GLOBAL	0	5c
tgamma	tgamma.lo	T	GLOBAL	0	384
tgammaf	tgammaf.lo	T	GLOBAL	0	18
tgammal	tgammal.lo	T	GLOBAL	0	18
thrd_create	thrd_create.lo	T	GLOBAL	0	2c
thrd_current	pthread_self.lo	W	WEAK	0	c
thrd_detach	pthread_detach.lo	W	WEAK	0	60
thrd_equal	pthread_equal.lo	W	WEAK	0	c
thrd_exit	thrd_exit.lo	T	GLOBAL	0	c
thrd_join	thrd_join.lo	T	GLOBAL	0	28
thrd_sleep	thrd_sleep.lo	T	GLOBAL	0	3c
thrd_yield	thrd_yield.lo	T	GLOBAL	0	c
time	time.lo	T	GLOBAL	0	28
timegm	timegm.lo	T	GLOBAL	0	6c
timer_create	timer_create.lo	T	GLOBAL	0	2a0
timer_delete	timer_delete.lo	T	GLOBAL	0	40
timer_getoverrun	timer_getoverrun.lo	T	GLOBAL	0	2c
timer_gettime	timer_gettime.lo	T	GLOBAL	0	2c
timer_settime	timer_settime.lo	T	GLOBAL	0	30
timerfd_create	timerfd.lo	T	GLOBAL	0	20
timerfd_gettime	timerfd.lo	T	GLOBAL	0	1c
timerfd_settime	timerfd.lo	T	GLOBAL	0	20
times	times.lo	T	GLOBAL	0	c
timespec_get	timespec_get.lo	T	GLOBAL	0	30
timezone	__tz.lo	V	WEAK	0	8
tmpfile	tmpfile.lo	T	GLOBAL	0	b4
tmpnam	tmpnam.lo	T	GLOBAL	0	90
toascii	toascii.lo	T	GLOBAL	0	8
tolower	tolower.lo	T	GLOBAL	0	14
tolower_l	tolower.lo	W	WEAK	0	4
toupper	toupper.lo	T	GLOBAL	0	18
toupper_l	toupper.lo	W	WEAK	0	4
towctrans	wctrans.lo	T	GLOBAL	0	1c
towctrans_l	wctrans.lo	W	WEAK	0	4
towlower	towctrans.lo	T	GLOBAL	0	8
towlower_l	towctrans.lo	W	WEAK	0	4
towupper	towctrans.lo	T	GLOBAL	0	8
towupper_l	towctrans.lo	W	WEAK	0	4
trunc	trunc.lo	T	GLOBAL	0	8
truncate	truncate.lo	T	GLOBAL	0	18
truncf	truncf.lo	T	GLOBAL	0	8
truncl	truncl.lo	T	GLOBAL	0	14c
tsearch	tsearch.lo	T	GLOBAL	0	f0
tss_create	tss_create.lo	T	GLOBAL	0	1c
tss_delete	tss_delete.lo	T	GLOBAL	0	4
tss_get	pthread_getspecific.lo	W	WEAK	0	10
tss_set	tss_set.lo	T	GLOBAL	0	34
ttyname	ttyname.lo	T	GLOBAL	0	3c
ttyname_r	ttyname_r.lo	T	GLOBAL	0	b4
twalk	twalk.lo	T	GLOBAL	0	8
tzname	__tz.lo	V	WEAK	0	10
tzset	__tz.lo	W	WEAK	0	20
ualarm	ualarm.lo	T	GLOBAL	0	40
ulckpwdf	lckpwdf.lo	T	GLOBAL	0	8
ulimit	ulimit.lo	T	GLOBAL	0	74
umask	umask.lo	T	GLOBAL	0	1c
umount	mount.lo	T	GLOBAL	0	1c
umount2	mount.lo	T	GLOBAL	0	1c
uname	uname.lo	T	GLOBAL	0	18
ungetc	ungetc.lo	T	GLOBAL	0	f4
ungetwc	ungetwc.lo	T	GLOBAL	0	138
unlink	unlink.lo	T	GLOBAL	0	24
unlinkat	unlinkat.lo	T	GLOBAL	0	20
unlockpt	pty.lo	T	GLOBAL	0	20
unsetenv	unsetenv.lo	T	GLOBAL	0	c4
unshare	unshare.lo	T	GLOBAL	0	1c
updwtmp	utmpx.lo	W	WEAK	0	4
updwtmpx	utmpx.lo	T	GLOBAL	0	4
uselocale	uselocale.lo	W	WEAK	0	38
usleep	usleep.lo	T	GLOBAL	0	4c
utime	utime.lo	T	GLOBAL	0	3c
utimensat	utimensat.lo	T	GLOBAL	0	58
utimes	utimes.lo	T	GLOBAL	0	10
utmpname	utmpx.lo	W	WEAK	0	1c
utmpxname	utmpx.lo	W	WEAK	0	1c
valloc	valloc.lo	T	GLOBAL	0	10
vasprintf	vasprintf.lo	T	GLOBAL	0	80
vdprintf	vdprintf.lo	T	GLOBAL	0	70
verr	err.lo	T	GLOBAL	0	28
verrx	err.lo	T	GLOBAL	0	28
versionsort	versionsort.lo	T	GLOBAL	0	14
vfork	vfork.lo	T	GLOBAL	0	-
vfprintf	vfprintf.lo	T	GLOBAL	0	180
vfscanf	vfscanf.lo	T	GLOBAL	0	d88
vfwprintf	vfwprintf.lo	T	GLOBAL	0	12c
vfwscanf	vfwscanf.lo	T	GLOBAL	0	d6c
vhangup	vhangup.lo	T	GLOBAL	0	18
vmsplice	vmsplice.lo	T	GLOBAL	0	14
vprintf	vprintf.lo	T	GLOBAL	0	2c
vscanf	vscanf.lo	T	GLOBAL	0	2c
vsnprintf	vsnprintf.lo	T	GLOBAL	0	98
vsprintf	vsprintf.lo	T	GLOBAL	0	28
vsscanf	vsscanf.lo	T	GLOBAL	0	70
vswprintf	vswprintf.lo	T	GLOBAL	0	d0
vswscanf	vswscanf.lo	T	GLOBAL	0	7c
vsyslog	syslog.lo	W	WEAK	0	a0
vwarn	err.lo	T	GLOBAL	0	70
vwarnx	err.lo	T	GLOBAL	0	6c
vwprintf	vwprintf.lo	T	GLOBAL	0	2c
vwscanf	vwscanf.lo	T	GLOBAL	0	2c
wait	wait.lo	T	GLOBAL	0	10
wait3	wait3.lo	T	GLOBAL	0	14
wait4	wait4.lo	T	GLOBAL	0	24
waitid	waitid.lo	T	GLOBAL	0	30
waitpid	waitpid.lo	T	GLOBAL	0	30
warn	err.lo	T	GLOBAL	0	6c
warnx	err.lo	T	GLOBAL	0	6c
wcpcpy	wcpcpy.lo	T	GLOBAL	0	2c
wcpncpy	wcpncpy.lo	T	GLOBAL	0	34
wcrtomb	wcrtomb.lo	T	GLOBAL	0	114
wcscasecmp	wcscasecmp.lo	T	GLOBAL	0	8
wcscasecmp_l	wcscasecmp_l.lo	T	GLOBAL	0	4
wcscat	wcscat.lo	T	GLOBAL	0	28
wcschr	wcschr.lo	T	GLOBAL	0	48
wcscmp	wcscmp.lo	T	GLOBAL	0	2c
wcscoll	wcscoll.lo	T	GLOBAL	0	c
wcscoll_l	wcscoll.lo	W	WEAK	0	4
wcscpy	wcscpy.lo	T	GLOBAL	0	18
wcscspn	wcscspn.lo	T	GLOBAL	0	7c
wcsdup	wcsdup.lo	T	GLOBAL	0	40
wcsftime	wcsftime.lo	T	GLOBAL	0	c
wcsftime_l	wcsftime.lo	W	WEAK	0	278
wcslen	wcslen.lo	T	GLOBAL	0	20
wcsncasecmp	wcsncasecmp.lo	T	GLOBAL	0	9c
wcsncasecmp_l	wcsncasecmp_l.lo	T	GLOBAL	0	4
wcsncat	wcsncat.lo	T	GLOBAL	0	4c
wcsncmp	wcsncmp.lo	T	GLOBAL	0	3c
wcsncpy	wcsncpy.lo	T	GLOBAL	0	38
wcsnlen	wcsnlen.lo	T	GLOBAL	0	34
wcsnrtombs	wcsnrtombs.lo	T	GLOBAL	0	d8
wcspbrk	wcspbrk.lo	T	GLOBAL	0	24
wcsrchr	wcsrchr.lo	T	GLOBAL	0	44
wcsrtombs	wcsrtombs.lo	T	GLOBAL	0	158
wcsspn	wcsspn.lo	T	GLOBAL	0	44
wcsstr	wcsstr.lo	T	GLOBAL	0	294
wcstod	wcstod.lo	T	GLOBAL	0	18
wcstof	wcstod.lo	T	GLOBAL	0	18
wcstoimax	wcstol.lo	T	GLOBAL	0	4
wcstok	wcstok.lo	T	GLOBAL	0	84
wcstol	wcstol.lo	T	GLOBAL	0	8
wcstold	wcstod.lo	T	GLOBAL	0	8
wcstoll	wcstol.lo	T	GLOBAL	0	8
wcstombs	wcstombs.lo	T	GLOBAL	0	1c
wcstoul	wcstol.lo	T	GLOBAL	0	8
wcstoull	wcstol.lo	T	GLOBAL	0	8
wcstoumax	wcstol.lo	T	GLOBAL	0	4
wcswcs	wcswcs.lo	T	GLOBAL	0	4
wcswidth	wcswidth.lo	T	GLOBAL	0	58
wcsxfrm	wcsxfrm.lo	T	GLOBAL	0	c
wcsxfrm_l	wcsxfrm.lo	W	WEAK	0	68
wctob	wctob.lo	T	GLOBAL	0	38
wctomb	wctomb.lo	T	GLOBAL	0	20
wctrans	wctrans.lo	T	GLOBAL	0	44
wctrans_l	wctrans.lo	W	WEAK	0	4
wctype	iswctype.lo	T	GLOBAL	0	60
wctype_l	iswctype.lo	W	WEAK	0	4
wcwidth	wcwidth.lo	T	GLOBAL	0	ec
wmemchr	wmemchr.lo	T	GLOBAL	0	28
wmemcmp	wmemcmp.lo	T	GLOBAL	0	34
wmemcpy	wmemcpy.lo	T	GLOBAL	0	20
wmemmove	wmemmove.lo	T	GLOBAL	0	48
wmemset	wmemset.lo	T	GLOBAL	0	1c
wordexp	wordexp.lo	T	GLOBAL	0	4d8
wordfree	wordexp.lo	T	GLOBAL	0	54
wprintf	wprintf.lo	T	GLOBAL	0	6c
write	write.lo	T	GLOBAL	0	2c
writev	writev.lo	T	GLOBAL	0	2c
wscanf	wscanf.lo	T	GLOBAL	0	6c
y0	j0.lo	T	GLOBAL	0	17c
y0f	j0f.lo	T	GLOBAL	0	1b4
y1	j1.lo	T	GLOBAL	0	170
y1f	j1f.lo	T	GLOBAL	0	1a0
yn	jn.lo	T	GLOBAL	0	210
ynf	jnf.lo	T	GLOBAL	0	100
